ëŒ“ê¸€,ì‹œê°„
ìš°ì™€ ã…Žã…Ž í”¼ë“œë³´ë‹ˆ ë§˜ì— ë“¤ì–´ì„œ ã…Žã…Ž ìš°ë¦¬ ì¸ì¹œí•´ìš© ~,2018-12-06T14:03:41.000Z
ì†Œí†µí• ê¹Œìš”?^_^,2018-12-06T14:03:41.000Z
ìˆ˜ì‚°ë¬¼ ì˜¨ë¼ì¸ ì‡¼í•‘ëª° ë°”ë‹¤ì˜ í’ˆê²©ìž…ë‹ˆë‹¤. ì‹±ì‹±í•œ í†µì˜ ì‚°ì§€ì§ì†¡ ìˆ˜ì‚°ë¬¼ë¡œ ì‹íƒì„ í’ì„±í•˜ê²Œ ë§Œë“¤ì–´ë³´ì„¸ìš”ðŸ’™,2018-12-06T14:03:41.000Z
ì´ìƒí•˜ê²Œ ì• ë‚³ê³  ë§¥ì£¼ê°€ ë¯¸ì¹œë“¯ì´ ì¢‹ì•„;;;ë‹ˆ ì‹ ëž‘ ë„˜ ë‚­ë§Œì ì´ë‹¤ì•¼ ë‹¤ ì±™ê¸°ë„¤~^^^,2019-05-24T00:31:30.000Z
ðŸ‘ðŸ‘ðŸ‘ðŸ‘ðŸ‘ðŸ‘ðŸ˜,2019-06-11T10:50:43.000Z
ì†Œí†µí•´ìš”:)ã…Žã…Žã…Žã…Ž,2019-03-14T10:39:59.000Z
ê°„ìž¥ì€ ì–´ë”¨ë‚˜ìš”.?ì„ íŒ”í•˜ê³  ê°‘ë‹ˆë‹¤~ ì†Œí†µí•˜ë©° ì§€ë‚´ìš”~,2019-03-14T10:39:59.000Z
ê²Œì´íŠ¸ ã…‹ã…‹ã…‹ã…‹ã…‹ã…‹ðŸ¤­ðŸ¤­,2019-05-15T04:02:31.000Z
ì˜¤~ ì‚¬ì§„ì´ ëŠë‚Œìžˆì–´ìš”!! ì €í¬ë„ í•œë²ˆ ë†€ëŸ¬ì˜¤ì„¸ìš”,2019-05-15T04:02:31.000Z
íŠ€ê¹€ ë„ˆë¬´ íƒ”ë‹¤â˜º,2019-05-15T04:02:31.000Z
ì œ í”¼ë“œë„ í•œë²ˆ ë°©ë¬¸ë¶€íƒë“œë¦´ê²Œìš”!!,2019-05-15T04:02:31.000Z
ê²Œì´íŠ¸ ã…‹ã…‹ã…‹ã…‹ ì € ì–´ì œ í™” ì•ˆë‚¬ëŠ”ë°ìš”?ðŸ˜¯,2019-05-15T04:02:31.000Z
ðŸ‘,2019-05-15T04:02:31.000Z
How beautiful! ðŸ˜,2019-01-21T19:26:51.000Z
ì‚¬ì§„ìž˜ë´¤ì–´ìš”~ðŸ™‡,2019-01-21T19:26:51.000Z
ë–¡ë³¶ì´â™¥ï¸,2019-04-09T13:06:50.000Z
ìš°ì•™ ë°°ê³ í”„ë‹¤ ã…‹ã…‹ã…‹â¤ï¸,2019-04-09T13:06:50.000Z
ì‚¬ì§„ë“¤ ìž˜ë´¤ì–´ìš©!ðŸ˜,2019-02-05T12:09:43.000Z
ì£½ì€ ëƒ‰ë™ì‹í’ˆ ë‹¤ ì‚´ë ¤ë‚´ëŠ” ì—~í”„. ê°€ì„±ë¹„ìµœê³  ìž¥ë¹„ì¸ë“¯ìš”~í†µì‚¼ê²¹ ì‚¬ëž‘í•´ìš”ðŸ¥° ë³´ëž„~ì»¬ëŸ¬ë„˜ì´ì˜ë„¤ìš”.,2019-04-11T15:17:39.000Z
ë‚˜ë„ ì ì‹¬ì— ë§Œë‘ ê¶ˆë¨¹ì–´ì•¼ì§€...ã…‹,2019-04-11T15:17:39.000Z
ì €ë„ í•˜ë‚˜ ìž¥ë§Œí• ê¹Œ ê³ ë¯¼í•˜ë‹¤ ì ‘ì—ˆëŠ”ë°..ã…‹,2019-04-11T15:17:39.000Z
ã…‹ã…‹ã…‹ ë‚˜ëŠ” ì‹œêº¼ë¨¼ê±¸ë¡œ ìƒ€ëŠ”ë° ìš”ëŸ° ì¹¼ë¼ ë„˜ ì¢‹ë‹¤~~~~â™¡â™¡â™¡,2019-04-11T15:17:39.000Z
ì‚¬ì•¼í•˜ë‚˜?ã…‹ã…‹,2019-04-11T15:17:39.000Z
ë‚œ íŠ€ê¹€ê¸°ê°€ ë•¡ê²¨..ë‚˜ì—ê² ë²Œì¨ 5ë…„ ë„˜ì€ í•„ë¦½ë•¡ ì—ì–´í”„ë¼ì´ì–´ê°€ ìžˆë‹¤ë§Œ..ê¸°ë¦„ë§›ì€ ê·¸ ì–´ë– í•œê²ƒë³´ë‹¤ ë§›ë‚˜ë‹¨ê±¸ ì•Œê³¤ ì—ì–´í”„ë¼ì´ì–´ëŠ” ì³ë°•í˜€ìžˆì—‰~ã…œ.ã…œ,2019-04-11T15:17:39.000Z
ëŠ˜~ì˜¤ëŠ˜ì²˜ëŸ¼ í–‰ë³µí•˜ì„¸ìš”~^^,2019-04-11T15:17:39.000Z
ìž˜ ë³´ê³  ê°‘ë‹ˆë‹¤ðŸ˜ƒ,2019-01-21T13:42:47.000Z
ë¯¸ì¹œê±°ì•¼!!!ë¨¹ê³ ì‹¶ì–´ ë¨¹ê³ ì‹¶ì–´ ë‚˜ ë–¡ë³¶ì´í‚¬ëŸ¬ë¼ê³ !! ã… ã… ,2019-01-21T13:42:47.000Z
ðŸ˜ŠðŸ’›,2019-01-21T13:42:47.000Z
ë†€ëŸ¬ì™”ì–´ìš© â™¡ ê³„ì† ì†Œí†µí•˜êµ¬ ì§€ë‚´ë„ ë ê¹Œìš©???,2019-01-21T13:42:47.000Z
#ë¹„ë¹„ê³ #ë¹„ë¹„ê³ ë§Œë‘#ì™•êµìž#ê¹€ì¹˜êµìž#ë§¤ìš´êµìž#í•œì„¬ë§Œë‘#ì†Œê³ ê¸°í•œì„¬ë§Œë‘#ë§Œë‘#ë§Œë‘ë¶€ìž#ðŸ¥Ÿ,2019-05-02T08:12:34.000Z
ì•¼.. ì• í‚¤ì›Œì˜¤ì§€ë§ˆëž˜ì´.. í¬ë©´ ë‚³ì„ë•Œ íž˜ë“¤ë°ì´..,2019-05-02T08:12:34.000Z
í—ëž­ ìš°ë¦¬ë„ ë§Œë‘ë¨¹ì—ˆëŠ”ë° !!!,2019-01-14T16:48:53.000Z
í•œì„¬ë§Œë‘ ë§›ìžˆì§•ã…Žã…Ž,2019-01-14T16:48:53.000Z
ë¹„ë¹„ê³  ì§„ì§œ ë§›ìžˆì–´ìš”ðŸ˜­ðŸ˜­ðŸ˜­ðŸ‘ðŸ‘,2019-04-18T09:16:13.000Z
"ë¹„ë¹„ê³  ì§€ê¸ˆ ì‚´ê¹Œë§ê¹Œ ê²ë‚˜ ê³ ë¯¼ì¤‘ì¸ë°,,,,",2019-04-18T09:16:13.000Z
#ë¨¹ìŠ¤íƒ€ê·¸ëž¨#ìˆ ì•ˆì£¼#ì•ˆì£¼ì¶”ì²œ#í™”ìš”ì¼#ì¼ìƒìŠ¤íƒ€ê·¸ëž¨#ì§ìž¥ì¸#ì·¨ë¯¸ìƒí™œ#ìš”ë¦¬ìŠ¤íƒ€ê·¸ëž¨#í‘¸ë“œìŠ¤íƒ€ê·¸ëž¨#ë§žíŒ”í•´ìš”#ë””ì— #ì„ íŒ”ë§žíŒ”#ì¸ì¹œ#ë°ì¼ë¦¬,2019-03-19T11:25:14.000Z
.,2019-03-19T11:25:14.000Z
ì¸ìŠ¤íƒ€ êµ¬ê²½ ìž˜í•˜ê³  ê°‘ë‹ˆë‹¤!!! ðŸ˜,2019-03-19T11:25:14.000Z
so goodðŸ™‡,2019-03-19T11:25:14.000Z
ë¼ë©´ì— íŒŒê¹€ì¹˜.ì´ê°ê¹€ì¹˜ëŠ” ê²Œìž„ëã…‹ã…‹,2019-05-17T04:51:19.000Z
êµ¬ê²½ìž˜í•˜ê³ ê°‘ë‹ˆë‹¤:) ë‹´ì— ë˜ì˜¬ê²Œì—¬~ðŸ‘,2019-05-17T04:51:19.000Z
ìž˜ë³´ê³  ê°€ìš”â™¥ìƒˆí•´ë³µë§Žì´ ë°›ìœ¼ì„¸ìš”,2019-01-20T08:06:14.000Z
ì˜¤ëŠ˜ ì›”ìš”ì¼ ìž˜ ì§€ëƒˆë‚˜ìš”? íŽ¸ì•ˆí•œ ì €ë…ì‹œê°„ ë³´ë‚´ì„¸ìš”^^ ì„ íŒ”í•˜ê³  ê°€ìš”~  ì•žìœ¼ë¡œ ìžì£¼ ë§Œë‚˜ìš”!!,2019-01-20T08:06:14.000Z
ì•ˆë…•í•˜ì„¸ìš” ðŸ¥° ê°œë  ë”¸ë§˜ì´ì—ìš” à·† ìœ¡ì•„ì†Œí†µí•´ìš” !Ì†Ìˆ !Ì†Ìˆ íŒ”ë¡œ í•˜ê³  ê°ˆê²Œìš” ð–¤,2019-01-20T08:06:14.000Z
ì•„êµ¬ ì¹¨ê³ ì—¬ë¼ðŸ˜,2019-01-20T08:06:14.000Z
ì˜¤í˜¸ðŸ‘ðŸ‘ðŸ‘ì¢‹ì€ì •ë³´ ê°ì‚¬í•´ìš©ðŸ‘ðŸ‘ ì§‘ë°¥ ëª»í•˜ëŠ” ì• ë¯¸ ìµœê³ ì˜ ì•„ì´í…œì´ë„¤ìš©,2019-01-23T10:31:25.000Z
ìš”ì¦˜ ë°˜ì°¬ì´ ë„ˆë¬´ ìž˜ë‚˜ì˜¤ëŠ”ë“¯~  ì €ê°™ì´ ìš”ë¦¬ëª»í•˜ëŠ” ì—„ë§ˆë“¤ë„ ì‚´ë§Œí•˜ë„¤ìš”ðŸ˜„ðŸ˜„,2019-01-23T10:31:25.000Z
ë¹„ë¹„ê³ ê°€ ì—´ì¼í•˜ë„¤ìš”^^ðŸ‘,2019-01-23T10:31:25.000Z
í•œ ë²ˆ ì‚¬ì„œ í•œ ë¼ í•´ê²°í•´ì•¼ê² ë„¤ìš”~^^,2019-01-23T10:31:25.000Z
ë¹„ë¹„ê³  ë„ˆë¬´ ì¢‹ì•„ìš”ðŸ˜† ì €ë„ ìž”ëœ© ì‚¬ë‹¤ë†¨ì§€ìš” ížˆížˆ,2019-01-23T10:31:25.000Z
ì‚¬ì„œ ìŸì—¬ë†”ì•¼ê² ì–´ìš”,2019-01-23T10:31:25.000Z
ë§›ìžˆì–´ë³´ìž…ë‹ˆë‹¹ ì„ íŒ”í•˜êµ¬ê°€ìš©ðŸ™ŒðŸ™Œ,2019-01-23T10:31:25.000Z
ê³„ëž€ì—ì¼€ì°¹ê¹Œì§€ì–¹ìœ¼ë‹ˆë”ë§›ë‚˜ë³´ì—¬ìš©ðŸ¤¤ðŸ‘,2019-01-23T10:31:25.000Z
ì†Œí†µí•˜ë©°ì§€ë‚´ìš”ðŸ¤—ì„ íŒ”í•˜êµ¬ê°€ìš§â¤ï¸ê°ê¸°ì¡°ì‹¬í•˜ì„¸ìš”ðŸ˜·,2019-01-29T08:45:01.000Z
"í¬, ì§„ì§œ ì¥‘ì´ë„¤ìš”ðŸ˜†ðŸ˜†í•˜ë£¨ 8Oë§ˆë„Œ ë²Œì–´ë²„ë¦¬ê¹… 'â—¡'ëŒ€ë°”ì•…- ë³´ëŸ¬ì˜¤ìŽ„ìš”ðŸ’›",2018-12-13T12:24:06.000Z
ì‚¬ëž‘ìž…ë‹ˆë‹¤ ë§Œë‘ëŠ”ðŸ¥Ÿ,2019-06-03T00:47:50.000Z
íŒ”ìŠ¤ëƒ…ë³´ì†Œ ìš”ë¦¬ì‚¬ë„¤ ìš”ë¦¬ì‚¬ì•¼ðŸ‘ðŸ’•,2019-06-03T00:47:50.000Z
ë°°ê³ íŒŒì§€ë„¤ìš”ðŸ™Œ,2019-06-03T00:47:50.000Z
ì§œìž¥ì— ë§Œë‘ë¼ë‹ˆ..ðŸ˜ðŸ˜,2019-06-03T00:47:50.000Z
ìš”ë¦¬ì‚¬ë„¤ã…‹ã…‹,2019-06-03T00:47:50.000Z
ì™€ìš° ë¹„ë¹„ê³ ê°€ ë¯¸êµ­ì—ë„ ìžˆêµ°ìš”ðŸ˜€ ë§›ë‚˜ê² ì–´ìš©â¤ï¸ ì§œìž¥ìš”ë¦¬ì‚¬ ì§‘ì— ìžˆìœ¼ë‹ˆ ì¢‹ìœ¼ì‹œê² ì–´ìš”ðŸ‘,2019-06-03T00:47:50.000Z
ìš°ì™€...ì§„ì§œ ê¸ˆì†ì´ì„¸ìš”ðŸ‘,2019-06-03T00:47:50.000Z
ì €ë‘ ì§œìž¥í•´ë¨¹ì–´ì•¼ê² ì–´ìš” ë³´ë‹ˆê¹ ë§‰ ë¨¹ê³ ì‹¶ì–´ì¡Œì–´ìš”ðŸ¤£,2019-06-03T00:47:50.000Z
ì˜¤~~ í›„ë¼ì´íŒ¬ ëŒë¦¬ì‹œëŠ” ì†œì”¨ê°€ í˜„ëž€í•©ë‹ˆë‹¤~~ ìš”ë¦¬ì‚¬ê°™ì•„ìš”~~ðŸ‘ðŸ‘ðŸ‘ðŸ¤¤ðŸ¤¤ðŸ¤¤,2019-06-03T00:47:50.000Z
"ì™€ ë¯¸êµ­ ì½”ìŠ¤íŠ¸ì½” ë§ˆíŠ¸ëŠ” ì‹œì‹ë„ í•œë°ìš” ~?! ðŸ˜²ðŸ˜ƒì¢‹ê² ë‹¹ ~ ðŸ˜í•œêµ­ ê°€ë©´ ì œì¼ ì‹ ë‚˜ëŠ”ê±° ì¤‘ì— í•˜ë‚˜ê°€ í° ë§ˆíŠ¸ê°€ì„œ ê±°ê¸°ì„œ ëª»ë³¸ ìƒˆë¡œìš´ ìŒì‹ë“¤ ë³´ê³ , ì‹œì‹í•˜ëŠ”ê±° ë‹¤ ë¨¹ê³  ë˜ ë¨¹ê³  ê·¸ëž˜ì„œ ê±°ì˜ ì‹ì‚¬ í•´ê²°í•¨ ã…‹ã…‹ã…‹ ðŸ˜…ê·¼ë° ì—¬ê¸°ëŠ” ë§ˆíŠ¸ì—ì„œ ì‹œì‹ì„ ì ˆ ì•ˆí•´ìš”... ðŸ˜­ðŸ˜­",2019-06-03T00:47:50.000Z
Ì‘Ì‘âœ§ðŸ‘ðŸ’• ì†Œí†µí•´ìš©~,2019-06-03T00:47:50.000Z
ë¦°ì§€ | ë¯¸êµ­ì—ì„œ ë°¥ í•´ë¨¹ê¸° WWW. UPARSEGUIDORES .COM,2019-06-03T00:47:50.000Z
ì¢‹ì•„ìš” ëˆ„ë¥´ê³  ê°‘ë‹ˆë‹¹,2019-04-19T01:17:20.000Z
ê³µêµ¬í•˜ì‹œëŠ” ì œí’ˆ êµ¬ë§¤í•˜ë ¤ê³  ë´¤ëŠ”ë° ë„ˆë¬´ë§Žì•„ì„œ ë­ê°€ë­”ì§€ëª¨ë¥´ê² ì–´ìš”ã… ã…  ê·¹ê°ëŸ‰ê¸° ì‹œìž‘í• ë• ë­ê°€ì œì¼ì¢‹ì€ê°€ìš”?? ë”°ë¡œ ì‹ë‹¨ê´€ë¦¬ë¥¼ ìž˜ ëª»í•´ìš”ã… ã… ,2018-10-03T09:08:14.000Z
ë¬´ìŠ¨ë¼ë©´ì´ì˜ˆìš”??,2018-10-03T09:08:14.000Z
minum yang banyak kak..ðŸ˜‹ðŸ˜‹,2018-10-03T09:08:14.000Z
ðŸ˜‚ i just love you girl. â™¥â™¥â™¥â™¥,2018-10-03T09:08:14.000Z
ì‹œê°„ëŒ€ê°€ ì•ˆ ë§žì•„ì„œ ê³„ì† ë¼ë°© ëª»ë´ì„œ ë„˜ ì•„ì‰¬ì›Œìš”ðŸ˜­ðŸ˜­ðŸ˜­ðŸ˜­ ë°¤ì—” ì•ˆí•˜ì‹œë‚˜ìš”??,2018-10-03T09:08:14.000Z
í”¼ë“œ ìž˜ ë³´ê³  ìžˆì–´ìš”! ë§žíŒ”í•´ìš”ðŸ˜,2018-10-03T09:08:14.000Z
ì„ íŒ”ê°ì‚¬í•©ë‹ˆëŒ±ðŸ™ðŸ»ë³¸ê³„ì •ìœ¼ë¡œ ë¨¹ë°© ìž˜ë³´ê³ ìžˆì—ˆì–´ìš”ðŸ¤©,2018-10-03T09:08:14.000Z
ê²ë‚˜ìƒˆìƒ‰ì‹œí•˜ì‹œë„¤ìš”..ðŸ˜,2018-10-03T09:08:14.000Z
ì†Œë¦¬ê°€ ì´ìƒí•´ìš”.. ë¶€ëª¨ë‹˜ì´ ì˜¤í•´í•´ìš”,2018-10-03T09:08:14.000Z
@jinyeop_,2018-10-03T09:08:14.000Z
ðŸ˜ðŸ˜ðŸ˜ cegukan minum air putih mbakk,2018-10-03T09:08:14.000Z
Anjir ak scroll smua makanan ig org ini..lapar ak jam 3 pagi ini yaowoh,2018-10-03T09:08:14.000Z
ë‹­ë°œì— ì†Œì£¼ ì§±ì´ì£ ðŸ˜­ðŸ‘ðŸ» ì„ íŒ”í•˜ê³  ê°‘ë‹ˆë‹¤ ã…Žã…Ž ì†Œí†µí•˜ë©´ì„œ ì§€ë‚´ìš©ðŸ™ŒðŸ™Œ,2019-05-23T12:39:21.000Z
ë‹­ë°œì€ì‚¬ëž‘ìž…ë‹ˆë‹¹â¤ï¸â¤ï¸ê±°ê¸°ë‹¤ì†Œì¥¬ê¹Œì§•â¤ï¸,2019-05-23T12:39:21.000Z
ì‹ ë¬¸ì—”ê°€..ì›”ìš”ì¼ë³´ë‹¤ ëª©ìšœì´ ì ¤íž˜ë“  ìš”ì¼ì´ë¼ë”ë¼êµ¬ìš”.ì½”ì•žì— ê¸ˆìš”ì¼.ì£¼ë§ì¸ë° ì‹œê°„ì´ ê·¸ë ‡ê²Œ ì•ˆê°„ë‹¤ë©°ðŸ˜‚,2019-05-23T12:39:21.000Z
ì œê°€ ë¶€ëŸ¬ì›Œí•˜ëŠ” ì–´ë¨¸ë‹˜í‘œ ë‹­ë°œì´êµ°ìš”ðŸ¤¤ðŸ¤¤,2019-05-23T12:39:21.000Z
ã…Žã…Ží•œìž”ì­‰!!í•˜ì‹œêµ¬ êµ¿ë°¤ë˜ì„¸ìš”â¤ï¸â¤ï¸,2019-05-23T12:39:21.000Z
#ë¹„ë¹„ê³ #ì™•êµìž#ë§Œë‘#ë¹„ë¹„ê³ ë§Œë‘#ë¨¹ë°©#ë²„ì–µ#ì•¼ì‹#ì•„ì¹¨#?#ì£¼ë§#ì¼ìš”ì¼#ë¹„,2019-04-13T23:29:39.000Z
êµ¬ê²½í•˜ë‹¤ê°€ ì„ íŒ”í•˜êµ¬ ê°‘ë‹ˆë‹¤ðŸ™‡ðŸ»â€â™€ï¸ìžì£¼ ì†Œí†µí•˜ê³ ì‹¶ì–´ì„œ ê·¸ëŸ¬ëŠ”ë° ì†Œí†µ ë¶€íƒë“œë ¤ë‘ ë ê¹Œìš”ðŸ’›,2019-04-13T23:29:39.000Z
í”¼ë“œì¢‹ìŠµë‹ˆë‹¤!ê´œì°®ìœ¼ì‹œë©´ë§žì¢‹ì•„ìš”ë¶€íƒë“œë ¤ìš¥! ì˜¤ëŠ˜ë„ê³ ìƒí•˜ì…¨ìŠµë‹ˆë‹¤,2019-04-13T23:29:39.000Z
ì•„ë‹ˆ ìš”ì¦˜ ë²„ì–µ ì´ê±° ë­ì•¼...?,2019-04-13T23:29:39.000Z
ì ‘ì‹œ ë„ˆë¬´ ì´ì˜êµ¬ í”Œë ˆì´íŒ…ë„ ëŒ€ë°•ðŸ’•,2019-03-17T04:22:06.000Z
ì¼ë³¸ì‹ìœ¼ë¡œ ì „ë¶„ë¬¼ ë‘˜ëŸ¬ì„œ ê¶ˆë´ìœ  ííí,2019-02-09T12:22:05.000Z
ðŸ˜Š,2019-02-09T12:22:05.000Z
"' ë‚´ í’ˆì— ì•ˆê¸´ ì†Œì¤‘í•œ ë„ˆë¥¼ ìœ„í•´, ê±´ê°•í•œ ìˆ˜ì œê°„ì‹&ìžì—°ì‹ì„ ë§Œë“œëŠ” ê·¸ë‚ ,ê°„ì‹ ' ìž…ë‹ˆë‹¤. ì˜¤ì…”ì„œ ì•„ê°€ë“¤ ë§˜ë§ˆì™€ ê°„ì‹ ë³´ê³  ê°€ì„¸ìš”ðŸ¥°",2019-06-13T12:53:17.000Z
ëŒ€í˜•ë§ˆíŠ¸ê°€ìž~ã…Žã…Ž,2018-12-18T08:17:04.000Z
ì•ˆë…•í•˜ì„¸ìš© :)ðŸ™ŒëŠ˜ ì¢‹ì€ì¼ë§Œ ê°€ë“í•˜ê¸¸ ë°”ëž˜ìš”~â™¡,2018-12-18T08:17:04.000Z
ì•ˆë…•í•˜ì„¸ìš” ^_^ðŸ‘¯â€ì‚¬ì§„ ìž˜ë³´ê³ ê°€ìš”!~~:D,2018-12-18T08:17:04.000Z
ë°˜ê°€ì›Œìš”~ë©‹ì§„ ìž‘í’ˆ êµ¬ê²½ì˜¤ì„¸ìš”~,2018-12-18T08:17:04.000Z
ìž˜ë³´ê³ ê°‘ë‹ˆë‹¤â™¡Ï‰Ï‰Ï‰,2019-05-16T16:44:12.000Z
ë„ˆ í•˜ë£¨ì— ë©´ ëª‡ë¼ ë¨¹ëƒ,2019-05-16T16:44:12.000Z
ë¹„ë¹”ë©´ì˜ ì¡°í•©ì€ ë§Œë‘ì£ ðŸ¤¤ ì—­ì‹œ ìž‡ë‹˜ì€ ì•Œì¤„ ì•Œì•„ë–  â¤ï¸,2019-05-16T16:44:12.000Z
ë¼ì•¼ã…‘ ì˜¨ë‹ˆ ìš°ë¦¬ ë§Œë‚˜ì•¼ì¥¬â™¥ï¸,2019-05-16T16:44:12.000Z
#ì¼ìƒ #ë°ì¼ë¦¬ #ìŒì‹ #food #íŒ”ë„ë¹„ë¹”ë©´ #ë¹„ë¹”ë©´ #í•œì„¬ë§Œë‘ #ë¹„ë¹„ê³ ë§Œë‘ #ë¶„ì‹ #cooking #í™ˆì¿¡ #ì§‘ë°¥ #homecook #ë°ì¼ë¦¬ì¿¡ #ì˜¨ë”í…Œì´ë¸” #ì˜¨ë§ˆì´í…Œì´ë¸” #ë°¥ìƒ #semë°¥ìƒ #ìƒì°¨ë¦¼ #ì¸ìŠ¤íƒ€í‘¸ë“œ #í”Œë ˆì´íŒ… #ìš”ë¦¬í•˜ëŠ”ì—¬ìž #ë§›ìŠ¤íƒ€ê·¸ëž¨#ì €ë…ë°¥ìƒ #ì‹ í˜¼ë¶€ë¶€ë°¥ìƒ #ì‚´ë¦¼ #ìœ¡ì•„ë§˜ #ì£¼ë¶€ì¼ìƒ,2019-03-01T06:52:33.000Z
2ì¸ë¶„ê°€íŠ¼ 3ì¸ë¶„ìœ¼ë¡œ ë°° ë‘ë‘‘ížˆ ì±„ìš°ì‹œê³ ..ìž˜ ëŒ•ê²¨ì˜¤ì…”ìš©~~^^,2019-03-01T06:52:33.000Z
"ë§žìŠµë‹ˆë‹¤.. ë¹„ë¹”ë©´ì€ í˜¼ìžì„œë„ 2ê°œëŠ” ë“ì—¬ì•¼, ë¨¹ì€ê±°ê°™ì£ ðŸ‘ðŸ‘ ë°˜ì°¬ ë°”ë¦¬ë°”ë¦¬ í•´ì„œ ì‹œëŒí–‰ì´ì—ìš”?? ì¡°ì‹¬ížˆ ë‹¤ë…€ì™€ìš”ðŸ˜Š",2019-03-01T06:52:33.000Z
ë¹„ë¹”ë©´ì€ ê° ì ìœ¼ë£¨ ë©´ì´ ë„˜  ì ì–´ìš”..ã…Ž ë§›ë‚˜ê² ìŠµë‹ˆë‹¤..ê´‘ì£¼ ì¡°ì‹¬ížˆ ë‹¤ë…€ì˜¤ì„¸ìš”..,2019-03-01T06:52:33.000Z
ì•„ ì €ì§€ê¸ˆ ëŠë¼í•œë° ë¹„ë¹”êµ­ìˆ˜ í˜¸ë¡œë¡í•˜ê³ ì‹¶ë„¤ì—¬ã… ã… ,2019-03-01T06:52:33.000Z
ë˜ ë†€ëŸ¬ì˜¬ê²Œìš”~,2019-03-01T06:52:33.000Z
ë¹„ë¹”ë©´ì€ í•˜ë‚˜ëŠ” ë¶€ì¡±í•´ìš” ã…‹ã…‹ã…‹1.5ê°€ ë”± ì¢‹ì•„ì—¬ðŸ˜†ë¹„ë¹”ë©´ì—ëŠ” ì—­ì‹œ ë§Œë‘ê°€ðŸ‘,2019-03-01T06:52:33.000Z
ë¹„ë¹”ë©´ë§Œ ë¨¹ìŒ í•˜ë‚˜ ëª¨ìžë¼ìš”ã…‹ã…‹ã…‹ã…‹ã…‹ êµ°ë§Œë‘ê¹Œì§€ðŸ‘ ì—­ì‹œ ì„¼ìŠ¤ðŸ‘,2019-03-01T06:52:33.000Z
ì—‡~ ëŒì•„ì˜¤ëŠ” ë‚ ì¸ê°€ã…Žã…Žì¡°ì‹¬ížˆ ì˜¬ë¼ì˜¬ë¼ì˜¤ê²ŒðŸ‘ðŸ‘ðŸ‘,2019-03-01T06:52:33.000Z
ì œ ì¸ìŠ¤íƒ€ì—ë„ ë†€ëŸ¬ ì˜¤ì„¸ìš”,2019-02-24T12:54:54.000Z
ì„¸ì•„ ì™œì•„í¬ðŸ˜­ ì–¸ë„ë‚«ìž~â¤ï¸ ë‚œ ì—í”„ê¸°ë¡œ ê³ êµ¬ë§ˆ ì ¤ ìž˜êµ¬ì›Œë¨¹ì–´ã…‹ã…‹ã…‹,2019-02-24T12:54:54.000Z
ì•„..ì—ì–´í›„ë¼ì´ê¸° ì‚¬ì•¼í•˜ë‚˜ ì–¸ë‹ˆðŸ˜­ ã…‹ã…‹ã…‹ã…‹ì„¸ì•„ ì–¸ëŠ¥ ë‚˜ì•„â¤ï¸,2019-02-24T12:54:54.000Z
ë§Œë‘ê´œì¸ˆ? ì˜¤ì¼ìŠ¤í”„ë ˆì´ìƒ€ì˜¤?,2019-02-24T12:54:54.000Z
ë‹´ì£¼ëŠ” ê¼­ ë°–ì—ì„œ ë†€ì•„ ã…‹ã…‹,2019-02-24T12:54:54.000Z
ì œê°€ ì¢‹ì•„í•˜ëŠ”ê±° ë‹¤ ì§‘í•©í–ˆë„¤ìš”ã…‹ íŠ¹ížˆ ê¸°ë¦°ì´ëž‘ ë¸”ëž‘ðŸ¤¤ðŸ¤¤,2019-02-24T12:54:54.000Z
ì°¸ìž˜í–ˆì–´ìš” ë¼ëŠ” ë„ìž¥ì„ ì°ì–´ì£¼ê³ ì‹¶ë‹¤!!,2019-02-04T17:38:01.000Z
ìš°ì–´ ë¹„ ì—„ì²­ ë§Žì´ ì™”ë„¤ìš” !! ì—¬í–‰ ì¼ê¸° ë³´ë©´ì„œ ëŒ€ë¦¬ ë§Œì¡± ì¤‘ì´ì—ìš” ã… ã… ã…  ëª°íƒ€ì—ì„œë„ ìƒˆí•´ ë³µ ë§Žì´ ë°›ìœ¼ì„¸ì—¬ ì‚¬ìž¥ë‹˜ ðŸ’“,2019-02-04T17:38:01.000Z
#ì„œìš¸ #ì„œìš¸ë§›ì§‘ #ì„œì´Œë§›ì§‘ #ì„œì´Œì´ìžì¹´ì•¼ #ì´ìžì¹´ì•¼ë§›ì§‘ #ì´ìžì¹´ì•¼ #ê²½ì„±ìƒíšŒ #ìŠ¤í…ë°€ #ì§ì›ë“¤ë°¥ #ê°„ìž¥ì°œë‹­ #ë§Œë‘ #ë¹„ë¹„ê³ ë§Œë‘ #ê³ ê¸°ë§Œë‘ #ê¹€ì¹˜ë§Œë‘ #ì¼ìƒ #ë¨¹ìŠ¤íƒ€ê·¸ëž¨ #ì†Œí†µ #ì„ íŒ” #ë§žíŒ”,2019-05-18T09:00:51.000Z
ì €ë„ë§Œë‘ì°¸ ì¢‹ì•„í•˜ëŠ”ë°ìš”ðŸ™‹ðŸ»,2019-05-18T09:00:51.000Z
ì˜¤ ì—­ì‹œ ë§ˆë²•ì˜ ìŠ¤í”„ì¸ê°€..!!!ðŸ˜,2019-01-20T06:31:57.000Z
ì €ë„ ì• ë“¤ ìž¬ìš°ë‹¤ ìž ë“¤ì—ˆë‹¤ ê¹¨ê°€ì§€ê³  ë°°ê°€ í—ˆì „í•´ì„œ ë§¥ì£¼í•œìž” í•´? ë§ì–´? í•˜ê³  ìžˆëŠ”ë°ã…‹ã…‹ ì–¸ë‹ˆ ì‚¬ì§„ ë³´ë‹ˆ ë” ìš”ë™ì¹˜ë„¤ìš”ã…‹ã…‹ã…‹,2019-02-20T15:36:42.000Z
ì¢‹ì•„ìš” ëˆ„ë¥´ê³  ê°€ìš©ðŸ˜€,2019-02-20T15:36:42.000Z
í”¼ë“œêµ¬ê²½ìž˜í•˜ê³  ë§žíŒ”í•˜ê³ ê°€ìš”~~!!,2019-01-07T05:14:45.000Z
ì•ˆë…•í•˜ì„¸ìš” ì„ íŒ”ì´ ë˜ì–´ìžˆì–´ì„œ ë³´ëŸ¬ì™”ì–´ìš” êµ°ë§Œë‘ì™€ ì«„ë©´ì´ ë„˜ ë§›ìžˆì–´ë³´ì—¬ìš” ì €ë„ ë¨¹ê³ ì‹¶ë„¤ìš”^^ì €ë„ ë§žíŒ”í–ˆì–´ìš” ìžì£¼ ì†Œí†µí•´ìš” ì¦ê±°ìš´ ì£¼ë§ ë³´ë‚´ì„¸ìš”ðŸ˜„,2019-01-07T05:14:45.000Z
ë§ˆì‹¯ê°¯ë‹¤..,2019-01-21T13:27:11.000Z
ë§›ìžˆê² ë‹¤~,2019-01-21T13:27:11.000Z
ì•¼ë°¤ì— ë³´ë‹ˆ ë¯¸ì¹˜ê²Œê¾¼ðŸ”¥ðŸ˜²ðŸ‘,2019-01-21T13:27:11.000Z
ì•ˆë…•í•˜ì„¸ìš”~â™¡ ðŸ™‹â€ í•­ìƒ í–‰ë³µí•˜ê¸¸ ë°”ëž˜ìš”~â™¡ ðŸ˜€,2019-01-21T13:27:11.000Z
ìš°ì™€ í˜• ë§Œë‘ ì–´ë””ì„œ íŒŒëŠ”ê±° ê°™ì€ë°ìš”?!?!,2019-01-21T13:27:11.000Z
ìš¸ë°°ìš°ë‹˜ ë¹„ë¹„ê³  ê´‘ê³  ê·¸ë§Œí• ë•Œì¯¤ ê·¸ë§Œ ë¨¹ì§€ ì‹¶ì–´ì—¬ðŸ˜„ðŸ˜„ðŸ˜„,2019-05-01T07:58:35.000Z
ì˜¤ íŒŒìŠ¬ë¦¬ í‚¤ìš°ì‹œë„¤ìš” ã…‹ã…‹,2019-04-03T14:31:26.000Z
ì•ˆë…•í•˜ì„¸ìš” ! ì§±êµ¬ì•„ë¹ ì¤‘ê³ ì°¨ ìµœì •ì§„ ìž…ë‹ˆë‹¤. íŽ˜ì´ì§€ë‚´ì— ê³ ê°ë‹˜ë“¤ê³¼ í•¨ê»˜í•œ ì†Œì¤‘í•œ í›„ê¸°ë“¤ì´ ìžˆìŠµë‹ˆë‹¤. ì¤‘ê³ ì°¨ ì‹œì„¸ë‚˜ ê¶ê¸ˆí•œì  ìžˆìœ¼ì‹œë©´ ì–¸ì œë“ ì§€ ë¬¸ì˜ì£¼ì„¸ìš” ! ê°ì‚¬í•©ë‹ˆë‹¤.,2019-04-03T14:31:26.000Z
ì•ˆë…•ì„¸ìš© ~â™¡ðŸ‘¯â€ ë˜ ë†€ëŸ¬ì˜¬ê²Œìš”â™¡,2019-04-26T08:33:51.000Z
ì•„ì½”~ ì•„ê°€ ë„ˆë¬´ ê·€ì—¬ì›Œìš”~~ðŸ’•ðŸ’•ðŸ˜ðŸ˜ì†Œí†µí•˜ê³ íŒŒì„œ ì„ íŒ”í•˜ê³ ê°€ìš”~ðŸ¤—ðŸ¤—,2019-04-26T08:33:51.000Z
#ê¸°ë‹¤ë¦¬ëŠ”ë™ì•ˆì—#ìƒê°ë‚˜ì„œ#ðŸ™ˆ#ìš°íœ´#í™”ì´íŒ…#ðŸ™ðŸ»#ì¼ìƒìŠ¤íƒ€ê·¸ëž¨#ì¼ìƒ#ì†Œí†µ#ë§žíŒ”#ì¢‹ë°˜#ì¢‹íŠ€#ì¢‹ì•„ìš”#ìŠ¤ë²…#ì¿¨ë ˆëª¬#ì¹´íŽ˜#ë¹„ë¹„ê³ ë§Œë‘#JMT,2019-02-01T03:37:55.000Z
ë§Œë‘ã… ã… ã… ã… ,2019-02-01T03:37:55.000Z
ã…‹ã…‹ã…‹ã…‹ã…‹ í™”ì´íŒ…ðŸ˜˜ðŸ˜˜ðŸ˜˜ðŸ˜˜ðŸ˜˜,2019-02-01T03:37:55.000Z
ì©ì©ì© ë„˜ ë§›ìžˆê² ì–´ìš©ðŸ¤—,2019-02-01T03:37:55.000Z
ì¦ê±°ìš´ ëª…ì ˆ ë³´ë‚´ì„¸ìš”ðŸ˜†,2019-02-01T03:37:55.000Z
#ë¯¸ìš©ì‹¤ì¶”ì²œ #ì—¬ìžë¨¸ë¦¬ì¶”ì²œ #ì—°ì‚°ë™ #ì—°ì‚°ë™ë¯¸ìš©ì‹¤ #ì—¬ìžë¨¸ë¦¬ìŠ¤íƒ€ì¼ #í•˜ë£¨í—¤ì–´ #ë°ì¼ë¦¬ #ë§žíŒ” #ëŒ“ê¸€ #ë‚¨ê²¨ì£¼ì„¸ìš” #í–‰ë³µ í•œ #í•˜ë£¨,2019-01-03T03:41:00.000Z
ìº¬~~êµ°ë§Œë‘ì— ë§¥ì£¼~~!!! ê·¼ë° ë‹¬ê±€ë§ì´ëŠ” ì•ˆë³´ì—¬? ì‚¬ì§„ ì°ê¸°ì „ ë‹¤ ë¨¹ì€ ê±°ìž„? ã…‹ã…‹,2019-01-03T03:41:00.000Z
ì €ì•¼ë§ë¡œ ì–¸ë‹ˆ êµ°ë§Œë‘ ë¹„ì¥¬ì–¼ì— ë°˜í•¨ìš”ðŸ‘,2019-01-03T03:41:00.000Z
ë°°ê³ í”•ë‹ˆë‹¤.ðŸ¤­,2019-01-03T03:41:00.000Z
ë°˜ê°€ì›Œìš” :) ì¸ìŠ¤íƒ€ ì‚¬ì§„ ìž˜ë³´ê³  ê°€ìš” ëŠ˜ ì¢‹ì€ì¼ë§Œ ê°€ë“í•˜ê¸¸ ë°”ëž˜ìš”â™¡ ðŸ¤—,2019-01-03T03:41:00.000Z
ì˜¤ëŠ˜ë„ ì¢‹ì€í•˜ë£¨ë˜ì„¸ìš” ðŸ˜‰ðŸŽ¶,2019-01-03T03:41:00.000Z
ë‹´ì£¼ê°€ê¼¬ì˜¤ã…“,2019-05-18T07:17:00.000Z
ë‚˜ë„ ë§¨ë“€ðŸ¥Ÿ,2019-05-18T07:17:00.000Z
ë§Œë‘ì˜ ê¸€ë¡œë²Œ ë„˜ë²„ì›ì€  ë¹„ë¹„ê³ ì™•êµìžì§€..!(ëë¶€ë¶„ ë…ë¦½ì ìœ¼ë¡œ ê°•í•˜ê²Œ ì½ì§€ ë§ì•„ì¤˜..),2019-02-01T12:02:25.000Z
ë§Œë‘ìŠ¤íƒ€ê·¸ëž¨ã…‹ã…‹ã…‹ã…‹ã…‹ã…‹ã…‹,2019-02-01T12:02:25.000Z
ì˜¤ìš° ë§›ìž‡ê² ë‹¤ìž‰,2018-12-16T04:14:27.000Z
ë§¤ìƒì´ì—ìš”?  ìš¸ì‹ ëž‘ì€ ëª»ë¬µê² ì§€ë§Œ ì €ëŠ” ë§›ìžˆê² ë„¤ìš”~~ ê²Œë‹¤ê°€ ë§Œë‘ë„ ã…Žã…Ž,2018-12-16T04:14:27.000Z
#ì›Œí‚¹ì£¼ë¶€#ê°„íŽ¸ìš”ë¦¬#íŒŒì†¡ì†¡#ê³„ëž€íƒ#ì§ìž¥ì¸ì ì‹¬ì‹œê°„#ë©”ë‰´ê³ ë¯¼#ë‚´ì¼ë˜ë­ë¨¹ì§€#ì‰¬ìš´ìš”ë¦¬#ë‚˜ëŠ”ìŠˆí¼ìš°ë¨¼#ìš”ë¦¬ê°€ì œì¼ì‰¬ì› ì–´ìš”,2019-03-19T12:35:04.000Z
ì¸ì¦ë¨,2019-02-08T01:39:29.000Z
ðŸ˜ðŸ˜,2019-02-08T01:39:29.000Z
ë¹„ë¹„ê³  ì œí’ˆë“¤ì€ ë‹¤ ë§›ìžˆì§€ë§Œ íŠ¹ížˆ ë¹„ë¹„ê³ ë§Œë‘ëŠ” ì§„ì§œ ë§›ìžˆë‹¤ ê½‰ì°¬ì†ê³¼ë¶€ë“œëŸ½ê³  ì´‰ì´‰í•œ í”¼ ì§„ì§œ .í ~~~~ë§ì´  í•„ìš”ì—†ë‹¤  ë¹„ë¹„ê³ ðŸ‘ðŸ˜„,2019-02-08T01:39:29.000Z
ì € ë–¡ë½ì´í‚¬ëŸ¬ì¸ ë‡¨ìžì¸ë° ì´ê±´ ì €ì˜ê³ ë¬¸ðŸ˜­ðŸ¤£ðŸ¤£ ì§„ì§œë†ë‹´ì•„ë‹ˆê³  ë–¡ì€ë‚¨ê¸°ëŠ”ì¼ì´ì—†ì–´ìš” ì™œìº ì¢‹ì•„í•˜ëŠ”ì§€ ì €ë‘ìž˜ì€ëª¨ë¥´ê² ë‹¤ëŠ”ðŸ¤£,2019-01-09T13:45:44.000Z
ì£¼ë§ ìµœê³ ë©”ë‰´ë¡œ ë””ì…¨ë„¤ìœ ðŸ‘ðŸ‘ðŸ˜,2019-06-08T02:53:22.000Z
í•˜ ë¶„ì‹íŒŒí‹°ë„ˆë¬´ì¡°ì³â˜ºï¸,2019-06-08T02:53:22.000Z
"ìš°ì™€!!ì´ìœ ,ë§›ë‚œ ë¶„ì‹ ëª¨ìž„ì´ë„¤ìš”ðŸ¤—ðŸ¤—",2019-06-08T02:53:22.000Z
ë¶„ì‹ê³¼ í›„ì‹ê¹Œì§€~ ìš”ì¦˜ ì°¸ì™¸ ì§„ì§œ ë‹¬ë”ë¼êµ¬ìš”,2019-06-08T02:53:22.000Z
ë§›ë‚œ ë¶„ì‹ë“¤ì´ì˜ˆìš”!! ê³¨ê³ ë£¨ ëª¨ë‘ ë§›ë³¼ ìˆ˜ ìžˆì—ˆê² ì–´ìš”ðŸ‘,2019-06-08T02:53:22.000Z
ë§ˆì§€ë§‰ì— í¬ë¦¼ë¡¤ ë””ì €íŠ¸ê¹Œì§€ ì™„ë²½í•´ìš” ðŸ’•,2019-06-08T02:53:22.000Z
ë¨¹ìŠ¤íƒ€ ì†Œí†µí•´ìš”ðŸ˜‹ ë§žíŒ”ë¶€íƒë“œë ¤ìš”ðŸ‘ðŸ»,2019-06-08T02:53:22.000Z
ìº¬ðŸ‘ðŸ»ðŸ‘ðŸ» í˜¸ë¶ˆí˜¸ì—†ëŠ”ë§› ì£¼ë§ì—” ë¶„ì‹ì´ ìµœê³ ì£ ðŸ˜,2019-06-08T02:53:22.000Z
ë–¡ë³¶ì´ì— ê¼¬ë§ˆê¹€ë°¥'ì´ë©´ ë¶„ì‹ìœ¼ë¡œ ìµœê³ ì§€ìš”~^^ ë””ì €íŠ¸ê¹Œì§€ ì™„ë²½í•©ë‹ˆë‹¤ðŸ˜ŠðŸ˜Š,2019-06-08T02:53:22.000Z
ìš°ì™• ì•„ì¹¨ë¶€í„° ë°°ê³ íŒŒì§€ë„¤ìš”â¤ï¸êµ¿ëª¨ë‹ì´ìš”ðŸ˜‰ì´ë²ˆì£¼ë„ í–‰ë³µí•œ í•œ ì£¼ ë˜ì‹œê¸¸ ë°”ëž˜ìš”ðŸ’•,2019-06-08T02:53:22.000Z
ì œëŒ€ë¡œ ë¶„ì‹ ðŸ‘ðŸ‘ í›„ì‹ê¹Œì§€ ì™„ë²½í•´ìš©ã…Žã…Ž,2019-06-08T02:53:22.000Z
ì˜¤ë§ˆ ë§Œë‘ ê½ƒ ë„˜ ì´ë»ìš”~,2019-06-08T02:53:22.000Z
ë©´ê¸° ì˜ˆë»ìš”!!! ë‘¥ì§€ëƒ‰ë©´ì„ ì´ë¦¬ ì—…ê·¸ë ˆì´ë“œ ì‹œí‚¤ì‹œë‹¤ë‹ˆ ðŸ˜‹ðŸ‘ðŸ‘,2019-03-16T01:41:49.000Z
ðŸ‘ðŸ‘ðŸ‘,2019-03-16T01:41:49.000Z
ðŸ˜ƒðŸ˜ƒðŸ˜ƒðŸ‘ðŸ‘ðŸ‘ðŸ‘ðŸ˜ðŸ˜ðŸ˜,2019-03-16T01:41:49.000Z
ë³„ì  í›„ê¸° ê¸°ëŒ€í• ê»˜ðŸ’•,2019-05-31T11:26:43.000Z
ìž„ì‚°ë¶€ê°€ë³´ê¸° ë³„ë£¨ìž…ë‹ˆê¹Œ?? ë³´ì§€ë§ëž˜ì„œðŸ‘‰ðŸ‘ˆ,2019-05-31T11:26:43.000Z
ìƒì¶©ì´ ìž¬ë¯¸ìžˆë‚˜ìš”?ã…Žã…Ž,2019-05-31T11:26:43.000Z
ì˜¤..ì˜¤~ì˜¤í˜¸~,2019-05-31T05:33:06.000Z
ë„˜ ì˜ˆìœ ë°¥ìƒ â˜» ìš”ê±° ì •ë§ ë§›ì—†ì„ìˆ˜ ì—†ëŠ” ì¡°í•© ðŸ‘ðŸ‘ðŸ‘,2019-05-31T05:33:06.000Z
ë°°ê³ í”ˆ ì§€ê¸ˆ ë„ˆë¬´ë§›ìžˆì–´ë³´ì—¬ìš”ðŸ˜‚,2019-05-31T05:33:06.000Z
ì´ë ‡ê²Œ ë¨¹ìœ¼ë‹ˆê¹Œ ì§„ì§œ ë§›ìžˆë“œë¼êµ¬ì˜¤ðŸ‘,2019-05-31T05:33:06.000Z
ìž˜ë³´êµ¬ê°€ìš©~ ì œí”¼ë“œë„ë†€ëŸ¬ì˜¤ì„¸ìš¤êˆâ—¡êˆ,2019-05-31T05:33:06.000Z
ë¹„ë¹„ê³ ëŠ”....ë‹¤ë§›ìž‡ëŠ”ê±°..ê°™ì•„ì—¬ðŸ¤Ÿ,2019-03-24T04:27:59.000Z
ë§Œë‘ëŠ” ë¹„ë¹„ê³ ì ¸ðŸ‘â¤ï¸,2019-03-24T04:27:59.000Z
ë¹„ë¹„ê³ ë§Œë‘ ìš”ì¦˜ ì¸ê¸°ðŸ‘ì´ì£   ì—ì–´í”„ë¼ì´ì–´ì— êµ¬ìš°ë‹ˆ ì°¸ ë§›ì´ ì¢‹ë”ë¼êµ¬ìš”ðŸ¤¤ðŸ¤¤ðŸ¤¤,2019-03-24T04:27:59.000Z
ë¹„ë¹„ê³ ë§Œë‘ ì •ë§ ë§›ìžˆì–´ìš”ðŸ‘ ì „ ê¹€ì¹˜ê°€ ì ¤ ë§›ë‚˜ë”ë¼êµ¬ìš”ðŸ˜,2019-03-24T04:27:59.000Z
ë¹„ë¹„ê³  ì§„ì§œ ë§›ë‚˜ìš©ðŸ’“ ì €í¬ëŠ” ì¸í„°ë„·ìœ¼ë¡œ ì£¼ë¬¸í•´ì„œ í•­ìƒ ëƒ‰ë™ì‹¤ì— ì±„ì›Œë†”ìš”í˜¸,2019-03-24T04:27:59.000Z
ë§Œë‘ëŠ” ì—­ì‹œ ë¹„ë¹„ê³ ì£  ã…Žã…Ž,2019-03-24T04:27:59.000Z
ë§žì¶¤ì •ìž¥ ë¹„ìŠ¬ë¦­ìž…ë‹ˆë‹¤~! ì¢‹ì€í•˜ë£¨ë˜ì„¸ìš”^^,2019-04-01T08:02:43.000Z
ì´ì‚¬ì§„ ì™„ì „ ì œ ì·¨ì €!! ì„ íŒ”í•˜ê³ ê°‘ë‹ˆë‹¤ ì œ í”¼ë“œë„ ë†€ëŸ¬ì™€ì£¼ì‹¤ê±°ì£ ? ðŸ™‚,2019-05-14T14:55:29.000Z
ì•ˆë…•í•˜ì„¸ìš”~ ì†Œí†µí•´ìš” ì œí”¼ë“œì—ë„ ë†€ëŸ¬ì™€ì£¼ì„¸ìš”!,2019-01-15T10:46:06.000Z
ë‚œ ë–¡ë½€ê¸°ì— ê¹€ë§ì´ ðŸ˜‚,2019-01-12T15:40:11.000Z
ëŒ€ë°•!!! ë­ì—¬,2019-01-12T15:40:11.000Z
ì €ê±° ë‹¤ ë§Œë“ ê²¨?? ëŒ€ë°•ì´ë‹¤ í•­ì§‘ì˜¤ë¹  í™”ì´íŒ…í•˜ì„¸ì—¬,2019-01-12T15:40:11.000Z
ê¼¬ë§‰ì´ëž‘ íƒ•ìŠ‰ ì™„ì¤€ ê°€ì„±ë¹„ ì§„ì§œ JMT,2018-12-18T12:09:56.000Z
ê¼¬ë§‰ ë§›ìžˆë‚˜ìš©! ë§ˆë„ì˜¤ë¹ ê°€ë¨¹ê³ ì‹¶ì–´í–ˆëŠ”ë° ì•ˆì‚¬ì¤«ëŠ”ë°...ðŸ¤”,2018-12-18T12:09:56.000Z
ì•„ ê¼¬ë§‰.........,2018-12-18T12:09:56.000Z
ì½”ì½” í¬ë ˆë³´-!,2018-12-18T12:09:56.000Z
ë¹„ë¹„ê³  ë‚´ê°€ë§›ìžˆë‹¤ê³ í–ˆì°Œ?ã…‹ã…‹,2017-03-01T05:08:22.000Z
ìš¸ì´ˆ3ì€í•„í†µí•„ìš”ì—†ëŒ€ã…‹ã…‹ã…‹,2017-03-01T05:08:22.000Z
ê³„ëž€ì„ì•ˆí’€ê³ ì§€ë‹¨ìœ¼ë¡œí–ˆìœ¼?,2017-03-01T05:08:22.000Z
ìž˜ ì§€ë‚´ì¥¬ ~ ì–¸ë‹~?^^,2017-03-01T05:08:22.000Z
ðŸ¥Ÿ,2019-01-09T17:07:46.000Z
ðŸ¥Ÿ,2019-01-09T17:07:46.000Z
ì™€ì•„ ë§Œë‘ëŠ” ì—­ì‹œ ê²‰ë°”â£ï¸â£ï¸,2019-01-09T17:07:46.000Z
ì•„ ë§›ë‚˜ê² ë‹¤ ë§Œë‘â¤ï¸ ì›ëž˜ ê°™ì´ ë¨¹ì–´ë„ ë‚˜ë§Œ ì°Œë”ë¼êµ¬ìš”ðŸ¤£ ë¶ˆê³µí‰í•´ðŸ¥º,2019-01-09T17:07:46.000Z
ë§Œë‘êµ½ê¸°ìž¥ì¸ ì„¤ë‹˜! ì™„ì „ ë§›ë‚˜ê²Œ êµ¬ìš°ì…¨ì—¬ðŸ‘ðŸ»ðŸ’“,2019-01-09T17:07:46.000Z
êº… ë…¸ë¦‡ë…¸ë¦‡ ðŸ™ˆðŸ’—,2019-01-09T17:07:46.000Z
ë…¸ë¦‡ë…¸ë¦‡í•˜ê²Œ ì •ë§ ìž˜ êµ¬ì—ˆì–´ìš”ðŸ’•ðŸ’•,2019-01-09T17:07:46.000Z
ì €ë§ ê³µê°ì´ìš”! ... ì €ë„ ë§Œë‘ìŸì´ì—ìš”~ ã…œã…œ ë…¸ë¦‡ë…¸ë¦‡ ë§›ë‚˜ë³´ì—¬ìš”ðŸ˜­ðŸ˜­,2019-01-09T17:07:46.000Z
ì„¤ì´ë‹˜ ë‚¨íŽ¸ë¶„ ì§„ì‹¬ ë¶€ëŸ¬ì›Œìš”ðŸ™ˆðŸ’•ðŸ’• ì§„ì§œ ì„¸ìƒ ë¶ˆê³µí‰í•˜ê²Œ ë§ì´ì—ìš”ã…‹ã…‹ðŸ˜†,2019-01-09T17:07:46.000Z
ë°”ì‚¬ì‚­ ì§„ì§œë§›ìžˆê² ë‹¤ìš”ðŸ˜ë°¤ì—ë¨¹ìŒë”ë§›ìžˆëŠ”ðŸ˜ˆ,2019-01-09T17:07:46.000Z
í—‰ ëŒ€ë°• ë§Œë‘íŠ€ê²¨ì•¼ê² ì–´ìš” ã…‹ã…‹ã…‹êµ¿ì˜¤í›„ë˜ì…”ìš”ðŸ’›,2019-01-09T17:07:46.000Z
ìž¬ë°Œê²Œ ìž˜ ë´¤ì–´ìš”~ ì†Œí†µí•˜ê³  ì§€ë‚´ìš”,2019-01-19T03:40:30.000Z
ðŸ‘ðŸ»ðŸ‘ðŸ»,2019-01-19T03:40:30.000Z
ì¢‹ì•„ìš”ðŸ™†,2019-01-19T03:40:30.000Z
ì¶”ìš´ë‚ ì”¨ ê±´ê°• ìœ ì˜í•˜ì„¸ìš¥ ðŸ˜·,2019-01-19T03:40:30.000Z
ì•ˆë…•í•˜ì„¸ìš” ë°˜ê°€ì›Œìš”^^*,2019-01-19T03:40:30.000Z
í”¼ë“œê°€ ì¢‹ì•„ìš”. êµ¬ê²½ìž˜í•˜ê³  ê°€ìš”^ ^,2019-01-19T03:40:30.000Z
ì‚¬ì§„ì€ ì–´ë–¤ê±¸ë¡œ ì°ìœ¼ì„¸ìš”~?^^,2019-01-19T03:40:30.000Z
ë‚˜ë„ë„ˆë„¤ì§‘ë°¥ë¨¹ìœ¼ëŸ¬ê°ˆëž˜,2019-01-19T03:40:30.000Z
ë§›ë‚˜ê² êµ°,2019-01-19T03:40:30.000Z
ë“œëŽŒ ì£¼ë§ì´ë„¤ìš”ðŸ‘§ë¶ˆíƒ€ëŠ” ì£¼ë§ ë³´ë‚´ì„¸ìš©~ðŸ”¥,2019-01-19T03:40:30.000Z
ì†œì”¨ê°€ ì¢‹ìœ¼ì‹œë„¤ìš”ðŸ‘ ì „ ì–¸ì œì¯¤....ðŸ˜‚ ì €ë„ ì‹ í˜¼ì´ë¼ ì •ë³´ê³µìœ í•˜ê³ ì‹¶ì–´ìš”ðŸ˜ ì„ íŒ”í•˜ê³ ê°ˆê²Œìš”ðŸ¤—,2019-01-19T03:40:30.000Z
ë„ˆë¬´ ë§›ìžˆì–´ ë³´ì´ëŠ” ë°¥ìƒì´ì—ìš”â¤ï¸ì´ˆë³´ìƒˆëŒì´ì—ìš”~ ì†Œí†µí•˜ê³ ì‹¶ì–´ìš” ë§žíŒ”í•´ë„ë ê¹Œìš”?,2019-01-19T03:40:30.000Z
ì™€ì”¨ ë¨¹ê³ ì‹œí¼ã…œã…œ,2018-12-12T12:43:59.000Z
ì•œã…‹ã…‹ã…‹ã…‹ ê·¸ê±° ë¹„ë¹„ê³  í•œì„¬ë§Œë‘!! ê·¼ë° ì´ê²ƒë„ ì§±ë§›ì´ê²Ÿë‹¤ðŸ˜,2018-12-12T12:43:59.000Z
ã…‹ã…‹ã…‹ã…‹ã…‹ã…‹ì €ê±° ì•„ëƒ ã…‹ã…‹ã…‹ã…‹í•œì„¬ë§Œë‘!,2018-12-12T12:43:59.000Z
ãƒ¡ãƒƒãƒãƒ£ç¾Žå‘³ãã†ã ã—ãƒ¼ã§ã£ã‹ã„ã­ãƒ¼å·®ã—å‡ºã•ã‚ŒãŸã®ã¯rumiã¡ã‚ƒã‚“ãƒ¼ãƒ¼ãƒ¼ãƒ¼ãƒ¼ãƒ¼ã‚ã‚°ãƒ¼ãƒƒã¨é£Ÿã¹ã‚‹ï¼Ÿï¼ãã‚Œã¨ã‚‚ãŠã¡ã‚‡ã¼å£ã§å°‘ã—ãšã¤ï¼Ÿï¼Ÿ(à¹‘ à¸´Ù¼ à¸´)ï¾ï¾ï½¯,2019-01-08T09:38:41.000Z
ï¼‘å€‹ã§ãŠè…¹ã„ã£ã±ã„ãªã‚Šã¾ã™ã‚wwãƒ›ãƒ³ãƒˆã«ãƒ‡ã‚«ã„ðŸ˜‚,2019-01-08T09:38:41.000Z
(à¹‘ à¸´Ù¼ à¸´)ï¾ï¾ï½¯(à¹‘ à¸´Ù¼ à¸´)ï¾ï¾ï½¯,2019-01-08T09:38:41.000Z
ìš°ë¦¬ ìƒì—°ì´ ì‹œì§‘ê°€ì•¼ê² ë‹¤~^^,2019-02-09T08:06:51.000Z
ìžì£¼ ë°©ë¬¸ í• ê»˜ìš”! â¤ï¸Žâ„â„ê’°* à¥¢êˆâ—¡êˆ à¥¢ê’±.*Ëšâ€§ #ì¼ìƒê³µìœ  #ì„ íŒ” í•˜ì‹œë©´ ë°”ë¡œ #ë§žíŒ”#followme #followback#http://foodunit.modoo.at/#ì¹œì¶” ë§Œ í•´ë„ ì €ì ˆë¡œ #í™ë³´ ë˜ëŠ” #FOODUNIT #í‘¸ë“œìœ ë‹›,2019-02-09T08:06:51.000Z
ì—­ì‹œ ê½ƒë¯¸ëª¨ëŠ” ì–´ë””ì„œë‚˜ ì—´ì¼í•˜ë‚˜ë´ìš”ã…‹ã…‹ã…‹ã…‹ã…‹,2019-04-18T15:14:20.000Z
ë§Œë‘ë³´ë‹¤ ë°•ì„œì¤€ì´ë„¤ìš” ã…Žã…Ž,2019-04-18T15:14:20.000Z
ì´ ë°¤ì— ì´ëŸ° ë¹„ì¥¬ì–¼ì„ ë³´ì—¬ì£¼ë‹¤ë‹ˆ....ã… ã… ã… ,2019-03-29T12:51:20.000Z
ì•„~ë§Œë‘... ì¹¨...ê³ ìž„,2019-03-29T12:51:20.000Z
ì™œì´ëŸ¬ì…”ì—¬~~~ ì´ë°¤ì—~~~ ë¹„ë¹„ê³  ì„¸ë´‰ì§€~~~ðŸ‘ðŸ»ðŸ‘ðŸ»,2019-03-29T12:51:20.000Z
í•œì‚´ ë” ë¨¹ìœ¼ë ¤êµ¬ ë–¡êµ­ ë¨¹ì—ˆì–´??ã…‹  ë³µ ë§Žì´ ë°›êµ¬ ë¶€ìž ë˜ìžã…‹,2019-01-01T03:44:20.000Z
ì§€ì›ì•„ ê·¸ë ‡ê²Œë¨¹ê³ ë„ ì–´ì§€ëŸ¬ìš¸ê±° ê°™ì•™...ã… ã…  ìœ¡ì•„í•œë‹¤ê³  íž˜ë“ ë”© ìž˜ì±™ê²¨ë¬µìž!!,2019-01-24T15:05:06.000Z
ìž˜ë´¤ì–´ì—¬  í”¼ë“œë§˜ì—ë“œëŠ”ë°ìš”,2018-12-28T17:12:23.000Z
ìš°ë¦¬ë„ ì–´ì œ ì•¼ì‹ìœ¼ë¡œ ë„¤ë„´ë¤ ë¨¹ì—ˆëŠ”ë°ã…Ž ë§›ë‚˜ë‘ë¼ã…Žã…Žã…Ž,2019-03-22T12:31:38.000Z
ì „ ë¹„ë¹„ê³ í•œì„¬ë§Œë‘ í•œí‘œìš”~ðŸ˜ë©´ì„ ëŒëŒë§ì•„ ë„˜ ë§›ìžˆê² ì–´ìš©ðŸ˜˜,2019-03-22T12:31:38.000Z
ë¹„ë¹„ê³  ë„ˆë¬´ ì¢‹ì£ ~~~^^ ë§›ë‚œê±° ë“œì‹œë©´ì„œ ì¢‹ì€ ì£¼ë§ ë˜ì„¸ìš”!,2019-03-22T12:31:38.000Z
íŒ”ë„ë¹„ë¹”ë©´ì´ ì•„ë‹Œê±°ê°™ì˜¹ ã…Žã…Ž ì—­ì‰¬,2019-03-22T12:31:38.000Z
ë¹„ë¹”ë©´ ìœ„ì— í† í•‘ì´ ë„˜ ê³±ìž–ì•„ìš”^^ ì‹œíŒ  ë¹„ë¹”ë©´ì´ ì•„ë‹ˆë¼ ì§ì ‘ ë‹¤ ë§Œë“œì‹  ê²ƒ ê°™ì•„ìš”~~~,2019-03-22T12:31:38.000Z
ì„¸íŒ… ì„¼ìŠ¤ êµ³~~ðŸ˜ ì €ë ‡ê²Œ ë¨¹ìœ¼ë©´ ë§›ë„ ë‘ë°° ì‚¬ëž‘ì€ ë°±ë°°ì •ë„ ë êº¼ê°™ì•„ìš©~~,2019-03-22T12:31:38.000Z
ì˜¤ëŠ˜ë„ ë§›ë‚œ ì €ë…ðŸ‘ðŸ‘ ì´ìœ ì €ë…ìƒì´ì—ìš©ðŸ˜,2019-03-22T12:31:38.000Z
ë¹„ë¹„ê³  êµìžëŠ” ì°¸ ì¢‹ì•„í•˜ëŠ”ë° í•œì„¬ì€ ë­ê°€ ì‚¬ê°ì‚¬ê°ì”¹í˜€ì„œ ì‹«ë”ë¼êµ¬ìš” í™”ì‚¬í•œ í•œìƒ ì˜ˆì˜ë„¤ìš©ðŸ¤—,2019-03-22T12:31:38.000Z
ë„˜ ìž˜ ì–´ìš¸ë¦¬ëŠ” ë©”ë‰´ë„¤ìš”â¤ï¸,2019-03-22T12:31:38.000Z
ì–´ë¨¸ðŸ˜ ë„˜ ë§›ë‚˜ë³´ì—¬ìš” ðŸ‘ðŸ‘,2019-03-22T12:31:38.000Z
ë¹„ë¹”ë©´ê³¼ ë§Œë‘ì˜ ì¡°í•©ì€ ì‚¬ëž‘ì´ì£ ðŸ˜Šê´„ë„ë„¤ë„´ë¤ ìš”ì¦˜ í•«í•˜ë„¤ìš” ã…‹ã…‹ã…‹ì €ë„ ë¨¹ì–´ë´ì•¼ê² ì–´ìš”,2019-03-22T12:31:38.000Z
ì•œã…‹ã…‹ã…‹ ë¹„ë¹”ë©´ í¬ìž¥ê³¼ ë¡œê³ ê°€ ë°”ë€ê±´ê°€ìš”? ë„¤ë„´ë¤ ã…‹ã…‹ã…‹,2019-03-22T12:31:38.000Z
ë°›ëŠ”ë¶„ ê¸°ë¶„ ì§„ì§œ ì¢‹ê² ëŠ”ë°ìš”,2019-01-29T03:06:26.000Z
ì–´ë¨¸ ê³ ê¸‰ìŠ¤ëŸ½ë„¤~~,2019-01-29T03:06:26.000Z
ë§Œë‘ê°€ í¬ìž¥ì´ ì´ë¦¬ ê³ ê¸‰ì´ì•¼~~,2019-01-29T03:06:26.000Z
ìš”ëŸ°ì„ ë¬¼ì€ ì–¸ì œë‚˜ í™˜ì˜ì´ì§€,2019-01-29T03:06:26.000Z
ë¹„ë¹„ê³  ë„˜ ë§›ìžˆì§•,2019-01-29T03:06:26.000Z
ì–´ì©œ ì™„ì „ ì„¤ì„ ë¬¼ë¡œ ìµœê³  í¬ìž¥ë„ ê³ ê¸‰ìŠ¤ëŸ½ë‹¤ëŠ”ìš”,2019-01-29T03:06:26.000Z
ë§Œã„· ì„ ë¬¼ì„¸íŠ¸ì•„ë‹Œì¤„ ë„˜ ëŸ­ì…”ë¦¬í•´,2019-01-29T03:06:26.000Z
ì´ë²ˆ ì„¤ì— ë‚˜ë„ ì´ê±¸ë¡œ ì¤€ë¹„í•´ë³¼ê¹Œ,2019-01-29T03:06:26.000Z
ë¹„ë¹„ê³ ê°€ ë§›ìžˆì§€,2019-01-29T03:06:26.000Z
ë©‹ì§„ì„ ë¬¼ ìµœê³ ,2019-01-29T03:06:26.000Z
ë„ˆë¬´ ê³ ê¸‰ì§„ ì„ ë¬¼ì´ë‹¤,2019-01-29T03:06:26.000Z
ë„ˆë¬´ ì¢‹ìœ¼ì‹¤ë“¯ìš”,2019-01-29T03:06:26.000Z
ì´ ì•¼ì‹¬í•œ ë°¤ì— ë„ˆë¬´í•˜ì‹ ê±° ì•„ë‹™ë‹ˆê¹Œ,2019-01-22T14:30:57.000Z
ë©‹ì§€ë„¤ìš”âœ¨âœ¨,2019-01-22T14:30:57.000Z
ì‚¬ì§„êµ¬ê²½ìž˜í–ˆì–´ìš”>.<ã…Žã…Žã…Ž,2019-01-22T14:30:57.000Z
ìš°ì™• ë‚´ì‚¬ëž‘ ë§Œë“€ ë§›ìž‡ì—‡ê²Ÿì˜¤ìš© :) ì˜ˆìœê¿ˆê¾¸ì„¸ìš© ðŸ§¡,2019-01-22T14:30:57.000Z
ë°°ë‹¬ë¶€íƒë“œë¦½ë‹ˆë‹¤,2019-01-22T14:30:57.000Z
ì‚¬ì§„êµ¬ê²½í•˜ë‹¤ê°€ í”¼ë“œê°€ ë„˜ ì´ë»ì„œ ì„ íŒ”í•˜êµ¬ê°€ìš©ðŸ’• ì†Œí†µí•˜ë©° ì§€ë‚´ë„ ë ê¹Œìš©??ðŸ¤—,2019-01-22T14:30:57.000Z
ìƒˆë²½ 3ì‹œì— ì´ê±¸ ë³´ë‹¤ë‡¹..(à²¥_à²¥),2019-01-22T14:30:57.000Z
ìš°ì™•ã…œã…¡ã… ã…  ë„ˆë¬´ ë§›ìžˆì—ˆê² ì–´ìš”ðŸ¤£ðŸ¤£ðŸ¤£,2019-01-22T14:30:57.000Z
ì„ íŒ”í•˜ê³  ê°ˆê²Œìš” ë§žíŒ”í•´ìš” ðŸ™ŒðŸ»â¤ï¸,2019-01-22T14:30:57.000Z
ì†Œí†µí•˜ê³  ì‹¶ì–´ìš”~ ë§žíŒ”í•´ìš”ðŸ™‹â€â™‚ï¸,2019-01-22T14:30:57.000Z
ì´ê²Œ ê·¸ë ‡ê²Œ ìž˜ë‚˜ê°„ë‹¤ë˜ë° ì§„ì§œ ë§›ìžˆì–´ë³´ì—¬ìš”ðŸ‘,2019-01-22T14:30:57.000Z
ë§Œë‘ëŠ” ì—­ì‹œ êµ¬ìš´ê²Œ ì§±ì´ì¥¬ â¤ï¸,2019-01-22T14:30:57.000Z
ìš”ê¸° í¬ìž¥ë§ˆì°¨ë¡œ í–ˆë˜ ê³³ ì•„ë‹Œê°€? ê°€ê²Œë¡œ ë°”ê¼ˆë„¤!! ë§›ìžˆë˜ë°...ðŸ¥°,2018-12-28T16:09:49.000Z
ì¹œêµ¬í•´ìš”~~ðŸ˜ºðŸ™‡,2018-12-28T16:09:49.000Z
ì¢‹ë°˜ì´ìš”~â¤ï¸,2018-12-28T16:09:49.000Z
ì¸ìŠ¤íƒ€ ìž˜ ë³´ê³  ê°‘ë‹ˆë‹¤ðŸ‘Œ,2018-12-28T16:09:49.000Z
ì²«ì¤„ë°˜ì‚¬ë¶€íƒë“œë ¤ì—¬ â¤ï¸ðŸ’›,2018-12-28T16:09:49.000Z
ì†Œí†µí•˜ë©°ì§€ë‚´ìš”~âœ¨,2018-12-28T16:09:49.000Z
í”¼ë“œìž˜ë³´ê³ ê°‘ë‹ˆë‹¤ðŸ™Œ ìš°ë¦¬ ì„œë¡œ ì†Œí†µí•˜ê³  ì¸ì¹œí•´ìš”ðŸ‘ ì„ íŒ” ê³ ê³  ðŸ™Œ ë§žíŒ”ê³ ê³  ðŸ‘ðŸ‘ðŸ‘ðŸŽ‰ðŸŽ‰ðŸŽ‰,2018-12-28T16:09:49.000Z
í”¼ë“œ ë³´ê³  ì™”ì–´ìš”~ë§žíŒ” ì‹ ì²­í•˜ê³  ê°‘ë‹ˆë‹·:D,2018-12-17T15:28:07.000Z
ê·¸ì‚¬ëžŒì¢‹ê² ë„¹~~ë„˜ë¶€ëŸ¬ì›Œìš©~â™¥,2018-12-17T15:28:07.000Z
