해시태그,시간
"['컵불닭볶음면 ', '비비고만두 ', '레쓰비연유커피  누님 잘 모셔주는 착한 동생들과 즐거운 점심시간ㅋㅋㅋ다마싯쪙  나보고 형님이라 부르고싶단디.............😑']",2019-04-25T05:20:51.000Z
"['부부일상', '신혼일기', '신혼', '신혼스타그램', '분식', '비비고', '비비고만두', '떡볶이', '군만두']",2018-12-06T14:03:41.000Z
"['부부의날', '작약', '행복', '꿍스떡볶이', '비비고만두', '아사히맥주', '결혼조하']",2019-05-24T00:31:30.000Z
"['깜짝선물 받은 ', '폴란드그릇 ', '밀라포터리 ', '폴란드도자기', '항아리머그 ', 'polishpottery ', '폴란드항아리컵 과 ', '효소해독차 ', '미리안차 의 만남🌷', '에어프라이어 에 튀긴?  구운?', '비비고만두', '겉바속촉  지대로~~♡ ㅡㅡㅡㅡ', '감사합니다🙏', '뜻밖의선물🎁 www.detoxworld.kr 효소와사람들 🔊건강해져라얍 🔊예뻐져라얍 ', '좋아요 ', '좋아요반사카톡아이디 ㅡ detoxworld BEAUTY&DETOX 수소스파 솔라피데 1599 -9187010 2294 9530']",2019-06-11T10:50:43.000Z
"['비비고왕교자', '비비고만두', '만두는비비고가진리', '초등간식', '흡입 ', '식욕폭발', '초등엄마 ', '엄마스타그램']",2019-03-14T10:39:59.000Z
"['양주 ', '내장탕 ', '물회 ', '광어회🐟 ', '고추만두 ', '비비고만두 ', '김말이 ', '남자셋 ', '폭풍수다 ', '인친환영 ', '일상그램daily ', '일상소통']",2019-05-15T04:02:31.000Z
"['mlk ', 'holiday soooo ', 'freezing ', 'lunch ', 'ricecakes ', 'beef ', 'kimchi ', 'mandoo ', 'ramyun w/ ', 'tuna ', 'yellowtail ', 'salmon ', 'sushi ', 'rolls from my favvv ', 'blueribbonsushi ', 'brookfieldplace ', 'beer yayyy ', '공휴일 언니네 쳐들어가 ', '떡만두라면 ', '비비고만두 ', '김치만두 흡입 ㅎㅎ ', '브룩필드플레이스 픽업한 ', '스시 ', '참치 ', '연어 ', '맥주 ', '꿀맛 아ㅏㅏㅏ 오늘 세상에서 젤로 추운날 ', '찬바람쌩쌩 ', '영하 ', '뉴욕']",2019-01-21T19:26:51.000Z
"['떡볶이', '달콤모임x범벅떡볶이', '분식최고', '비비고만두']",2019-04-09T13:06:50.000Z
"['떡국 ', '떡만두국 ', '홈메이드 ', '민짱표 ', '한살 ', '더먹기 ', '비비고만두 ', '사골국물 ', '따봉 ', '설날 ', '2019 ', '맛스타그램 ', '요리스타그램']",2019-02-05T12:09:43.000Z
"['오늘 ', '저녁 은 ', '찐만두', '비비고만두 맛있쪙!', '맛있다 ', '맛스타그램 ', '데일리 ', '일상 ', '푸드스타그램 ', '한끼 ', '먹방 ', '맛저 ', '집밥 ', '만두 ', '혼밥 ', '간편식 ', 'daily ', 'dailystagram ', 'food ', 'foodstagram ', 'dinner ', 'koreanfood ', 'yammy ', 'mandoo']",2019-06-05T12:03:02.000Z
"['\U0001f95f가성비가 좋아 선택한 ', '보랄에어프라이어 💚안그래도 맛있는 비비고만두가겉은 바삭 속은 촉촉 더 맛있네요. 😋.', '요리는장비빨 ', '코스트코 ', '보랄 ', '에어프라이기 ', '비비고만두 ', '군만두 ', '맛있다그램 ', '맛있으면0칼로리 ', '냠냠 ', '먹방 ', '야참 ', '워킹맘 ', '소통 ', '맞팔 ', '팔로우 ', 'cj제일제당 ', 'boral ', 'airfryer ', 'onthetable ', 'follow ', '김눈👀']",2019-04-11T15:17:39.000Z
"['떡볶이 ', '야식스타그램 ', '김밥 ', '치즈추가 ', '베이컨 ', '비비고만두 ', '어묵추가 ', '알콜스타그램 ', '먹방스타그램 ', '음식스타그램 ', '멈출수없다 ', '아는맛이무섭다 ', '월요병 ', '배터지게먹음 ', '청강대앞 ', '홈파티 ', '먹스타그램 ', 'food ', '매운맛 ', '요리스타그램 ', '요리하는여자 🤘 ', '체중계고장']",2019-01-21T13:42:47.000Z
[],2019-05-02T08:12:34.000Z
"['비비고 ', '비비고만두 ', '한섬만두 ', '한봉지에6개 ', '맛있음👍']",2019-01-14T16:48:53.000Z
"['불닭쫄볶이 ', '비비고만두오늘 안주는 데코에 신경좀 씀ㅋ']",2019-04-20T11:47:19.000Z
"['비비고만두 ', '한섬만두 ', '매운왕교자 ', '왕교자 ', '만두를 ', '3kg나_쳐묵하는 ', '나란사람😅😅 ', '비비고is뭔들 ', '만두장사하는사람_아니에요']",2019-04-18T09:16:13.000Z
"['비비고만두 와 ', '먹태구이']",2019-03-19T11:25:14.000Z
"['스페인하숙  재방 보다 급땡긴', '만두 와 ', '라면따로 하기 넘 구찮고, 배고파서 결국', '만두라면 🍜 으로울엄마표 ', '파김치 랑 ', '총각김치 함께하니 더 ', '꿀맛 이네 😋...', '점심메뉴 ', '혼밥 ', '만두라면 ', '진라면 ', '비비고만두 ', '라면엔파김치 ', '밀가루음식은사랑 ', '줌마일상 ', '인천맘']",2019-05-17T04:51:19.000Z
"['옆으로넘기기어제 신랑이 파채를 2개사와서파채요리를 하기로 결정!파채비빔면과 파채만두새로나온 개성 쭈꾸미만두+비비고 만두파채가 알싸하니 넘나 맛있다.삼겹살이 지겨울때가끔 해먹으면 엄지척👍.....', '파채 ', '파채비빔면 ', '개성만두 ', '쭈꾸미 ', '만두 ', '쭈꾸미만두 ', '비비고 ', '비비고만두 ', '파채요리 ', '일상 ', '주부 ', '젊줌마 ', '데일리 ', '소통 ', '육아 ', '육아맘 ', '육아일상 ', '육아소통 ', '아들맘 ', '집밥 ', '요리 ', '점심 ', '부부스타그램 ', '주부일상 ', '맘스타그램 ', '일상스타그램 ', '집밥스타그램']",2019-01-20T08:06:14.000Z
"['떡국 ', '새해복많이받으세요 ', '올한해도나이값 ', '한살더 ', '떡만두국 ', '비비고만두']",2019-02-06T10:28:55.000Z
"['오늘저녁은', '오무라이스.', '비비고햄야채볶음밥 이거 진짜 맛있어요~^^계란이랑 케찹만 얹어서 만든 간편한 오무라이스네요~^^울남매들 맛있게 한그릇씩 뚝딱했답니다♡다들 맛저하셨나용?..', '간편식볶음밥', '너무맛있네요', '강추해요']",2019-01-23T10:31:25.000Z
"['오늘뭐먹지', '오늘메뉴', '집밥메뉴', '집밥', '집밥그램', '혼밥', '혼밥스타그램', '비비고', '비비고칼국수', '비비고버섯칼국수', '한섬만두', '비비고만두', '존맛탱', '먹스타그램', '맛스타그램', '윤뽕밥상']",2019-01-29T08:45:01.000Z
"['퇴근후 내가좋아하는 만두,떡볶이,맥주!만두는 에어프라이어로 180도 8분 뒤집어서 5분😘 ', '비비고만두 ', '한섬만두 ', '떡볶이 ', '에어프라이어효자템 ', '클라우드500 ', 'JMT ', '목요일밤']",2018-12-13T12:24:06.000Z
"['저녁', '한끼', '사골육수', '떡만두국', '든든', '소고기듬뿍', '비비고만두']",2019-04-16T10:09:53.000Z
"['비비고만두', '상주곶감', 'cj고메치킨순살크리스피', '우르겔필스너 더하기 나의 최애 맥주안주', '떡국떡구이 에 ', '한라산야생꿀결국 만칼로리^^^^ ', '안주요리']",2019-01-26T13:18:39.000Z
"['먹스타그램 ', '먹짤 ', '한끼 ', '자취생 ', '자취밥상 ', '자취스타그램 ', 'follow4like ', 'follow ', '일상 ', '식사 ', '오늘뭐먹지 ', '비비고만두 ', '비비고 ', '고기만두 ', '쫄면 ', '맥주한잔 ', '불금용식사']",2019-04-28T10:37:10.000Z
"['190602 ', '짜장밥 ', '군만두일요일은~ 남편이 짜장 요리사💕원래 제가 탕수육 해주기로 했는데', '코스트코 갔다가 시식도 많이 하고핫도그도 사먹고~', '비비고만두 사고~ 그래서메뉴와 셰프가 변경되었답니다 😅날로 발전하는 ', '짜장면만들기 👍.미국에서 ', '만두 맛없어서 슬펐는데...특히 전에 비비고치킨만두 사먹었다가고수폭탄에 충격받아서 트라우마 생길뻔 했거든용😱근데 드뎌 만두 갈증 해소했어요~', '갈비만두 맛이 나요😆세일해서 $9.49 인데 또 사러 갈까봐요ㅋㅋ.', '요리스타그램 ', '남편 ', '웍질 ', '더연습하자 ', '나보단잘함 ', '미국코스트코 ', '미국만두 ', 'bibigo ', 'costco ', 'koreandumplings ', '👍 ', '미국생활🇺🇸 ', '신혼밥상 ', '신혼 ', '일상 ', '홈쿡 ', '소통해요 ', '선팔맞팔 ', '좋아요 ', '반사 ', 'follow4followback ', 'likeforlikes']",2019-06-03T00:47:50.000Z
"['아침그램 ', '점심그램 ', '저녁그램 ', '밥싫어', '만두 ', '고기만두 ', '비비고만두 ', '찐만두', '김치만두 ', '군만두 ', '간식 ', '입맛없음 ', '먹방']",2019-04-19T01:17:20.000Z
[],2018-10-03T09:08:14.000Z
"['일상 ', '일상기록 ', '목요일밤 ', '피곤하니까 ', '한잔중🍺 ', '어머니표 ', '닭발 ', '비비고만두', '6년근 ', '벌짚주 ', '테라 ', '맥주한잔 ', '럽스타그램 ', '부부스타그램💑', '최집사그램']",2019-05-23T12:39:21.000Z
['군만두 버-억 ㅋ'],2019-04-13T23:29:39.000Z
"[""명란아보카도비빔밥 나혼자산다에서 처음보고 '웩!저건뭐지?!'했는데..처음 먹자마자 오호 요거바라 ~~~?! 싶었던ㅋ명란 한숟가락에 아보카도 반개, 계란후라이랑 김가루, 그리고 들기름 반스푼 쉬약~~여기에 연어 한점 탁! 올려줘도 꿀맛👍"", '잡채 ', '비비고만두 ', '연어 ', '아보카도 ', '로얄베일 ....', '집밥 ', '홈쿡 ', '요리 ', '온더테이블 ', '좋아요 ', '좋아요반사 ', '좋반 ', '오늘뭐먹지 ', '맛스타그램 ', '먹스타그램 ', '일상 ', 'daily ', 'food ', 'foodie ', 'homecook ', 'cooking ', 'onthetable ', 'homemade ', 'like ', 'l4l ', 'lfl']",2019-03-17T04:22:06.000Z
"['비비고만두 랑 ', '맥주 🙈', '한섬왕만두 ', '군만두 로 먹으니 더 맛있당...', '야식못끊어', '먹스타그램', '맛스타그램', '군만두', '비비고', '매운교자', '한섬왕만두', '맥주']",2019-02-09T12:22:05.000Z
"['비비고만두 ', '만두 ', '간식스타그램 ', '소통 ', '인친 ', '선팔 ', 'jmt ', '헝그리 ', '야식']",2019-06-13T12:53:17.000Z
"['이정은요리 ', '떡국만들기 ', '비비고만두 ', '비비고설렁탕', '정성스런한끼 ', '칭찬해👏']",2019-01-15T03:59:59.000Z
"['집 ', '간맥 ', '안주 ', '비비고만두 ', '싱하맥주 ', '캔맥주 ', '집술 ', '만두 ', '술스타그램 ', '신혼스타그램 ', '먹스타그램 ', '봄봄']",2019-04-07T14:31:53.000Z
"['돈이라도벌러가야하나', '비비고만두', '커피한잔', '나도좀먹어보자']",2018-12-18T08:17:04.000Z
"['먹스타그램', '맛스타그램', '냠스타그램', '비빔면', '팔도비빔면', '만두', '비비고만두 여섯개 셋이서 쿰척']",2019-05-16T16:44:12.000Z
['우리집밥상 🍳전날 늦게잤다고 늦게일어남아니지 ~ 난 항상 늦지 🤣바쁘지만 금강산도 식후경후딱 비빔면 3개 호로록 삶아에에에 구운 비비고만두와 호록근데 사람은 2인데 라면이 3개⁉️비빔면은 원래 1인 1.5개 아닌가⁉️컨디션 좋으면 인당 2개 때리고⁉️.졸려서 헛소리가 나불나불 ㅋㅋ여튼 맛나게 먹고 광주 가는 길KTX는 언제타고 잼이쒕🎶'],2019-03-01T06:52:33.000Z
"['에어프라이어', '드디어개시', '홈쿡', '맛스타그램', '먹스타그램', '버팔로윙', '비비고만두', '네소프레소', '뚱카롱', '오후를여는오븐', '담주는집콕탈출하자', '세아야빨리나아']",2019-02-24T12:54:54.000Z
"['europe ', 'malta ', 'gzira ', 'asianfoodmarket ', '비비고만두 ', '떡국 ', '비 ', '장보기 ', '아시아푸드마켓 ', '라면 ', '명절 ', '쩐다의_몰타한달살기 ', '몰타 ', '몰타한달살기 ', '한달살기 ', '유럽 ', '유럽살기 ', '유럽여행 ', '여행스타그램 ', '몰타여행 ', '몰타일상 ', '유디니 ', '몰타섬 ', '여행에미치다 ', '지중해 ', '사진 ', '사진스타그램 ', '여행기']",2019-02-04T17:38:01.000Z
[],2019-05-18T09:00:51.000Z
"['휴일 ', '점심 ', '간식 ', '엄마표 ', '떡볶이 ', '비비고만두 ', '에어프라이어는사랑입니다 ', '등따시고 ', '배부르니 ', '다귀찮다']",2019-01-20T06:31:57.000Z
"['저녁을5시에먹었더니', '지금이시간잠이안온다', '어제저녁에먹은야식생각에', '비비고만두', '양파간장', '먹고싶프당']",2019-02-20T15:36:42.000Z
"['금요일 ', '속초 ', '맛집 ', '민찌네 ', '저녁 ', '오리불고기 ', '볶음밥 ', '비비고만두 ', '중앙맛김 ', '떡볶이아내는 ', '혼맥 ', '혼술남편아 안주를 계속 내오거라', '비엔나 ', '냉동치킨 먹다남은 ', '도미노피자 ', '술스타그램 ', '먹스타그램 ', '맛스타그램']",2019-01-12T01:50:50.000Z
"['박서준 ', '비비고 ', 'bibigi ', '비비고만두']",2019-01-07T04:32:50.000Z
"['먹스타그램', '먹방', '분식', '맛집', '야식', '쫄면', '군만두', '비비고만두', '개업식꽃']",2019-01-07T05:14:45.000Z
"['전투적으로먹기있을때, 먹을수 있을때 신나게 먹기 ', '점심한끼큰아들과 둘이서 먹은양, 정확히 엄마가 더 먹었고 아직도 먹는중이라는 사실~^^;🎶짝짝꿍 남편과 쪼꼬미는 천생연분! 두분이 잠든사이~ 큰아들과 엄마는 먹고 즐길께요.엄청 먹었다. 😘', '주말 ', '일상 ', '삼시세끼 ', '떡볶이 ', '라면 ', '비비고만두 ', '짜파게티']",2018-12-29T06:36:26.000Z
"['이마트 ', '볶음짬뽕 ', '비비고만두 ', '짱맛 ', '우리집이중국집']",2019-01-21T13:27:11.000Z
"['비비고', '비비고김', '비비고칩', '비비고김치', '비비고만두', '박서준', 'parkseojun']",2019-05-01T07:58:35.000Z
"['음식.내 첫끼니 지금 PM 11:30다 굽기 ', '엄마만두 ', '비비고만두 ', '스팸 ', '핫바 ', '김치']",2019-04-03T14:31:26.000Z
"['20190426 ', '금요일 ', '불금 ', '닭띠아기 ', '딸 ', '딸내미 ', '딸랑구 ', '딸스타그램 ', '생후567일 ', '생후18개월 ', '18개월아기 ', '육아 ', '육아스타그램 ', '비비고 ', '만두 ', '비비고만두 ', '비비고왕교자']",2019-04-26T08:33:51.000Z
[],2019-02-01T03:37:55.000Z
"['한뚝배기하실래예 ', '아침부터 ', '푸짐하게 ', '🐽 ', '비비고만두 넣어서 ', '만두우동 ', '주말아침 ', '샌프란댁 ', '온더테이블 ', '홈쿡 ', '홈다이닝 ', '청소하고 ', '나가자 ', '👫 ', 'dumplingudon ', 'koreanfood ', '\U0001f95f ', '🍲 ', 'onthetable ', 'homedining ', 'homecook ', 'bibigo ', 'breakfast ', 'weekendmorning ', 'foodie ', 'foodstagram']",2019-05-25T17:41:47.000Z
"['행복합시다~요즘 군만두에 빠짐~원래 안 먹던 메뉴였는데 지인 집들이 가서 먹고는 반함 ㅋ달걀말이는 최소 6개는 말아줘야~~~^^........', '비비고만두 ', '김치만두 ', '고기만두 ', '달걀말이 ', '버드와이저 ', '군만두 ', '점심 ', '저녁 ', '먹거리 ', '야식']",2019-01-03T03:41:00.000Z
"['소소함카페 ', '소소함스튜디오에서', 'CF광고촬영 이 있었어요~', '비비고만두 ', '신제품 ', '한섬만두👍 ', '크기도남다른~ ', '비비고왕교자 에 이은 ', '야심작인듯', '비비고전속모델 ', '박서준 ', '드라마속그대로~ ', '존잘남 ', '재밌는추억하나추가 ', '이달말부터 ', 'TV에서도 소소함을 볼수 있어요~^^ㅋ...', '광고촬영대관', '카페대관', '촬영대관', '카페렌탈', 'CF촬영대관', '방송촬영대관', '대관문의', '일산카페 ', '카페투어 ', '신상카페 ', '커피맛집 - ', 'regrann']",2018-12-14T01:50:27.000Z
"['190518- 만두,지름,성공적😋\U0001f95f💳.....', '만두 ', '비비고만두 ', '만두덕후 ', '만두빠 ', '한섬만두 ', '김치만두 ', '새우만두 ', '물만두 ', '매운왕교자 ', '왕교자 ', '만두는사랑입니다 ', '먹스타그램 ', '만두맛집 ', '비비고']",2019-05-18T07:17:00.000Z
"['박서준 ', 'parkseojun ', '朴叙俊 ', 'パクソジュン', 'bibigo ', '비비고 ', '비비고만두']",2019-01-07T04:23:04.000Z
"['찐만두 ', '비비고만두']",2019-04-28T08:36:37.000Z
"['만두 ', '군만두 ', '튀김만두 ', '김치만두 ', '납작만두 ', '납작지짐만두 ', '비비고만두 ', '풀무원만두 ', '바삭만두 ', 'bibigo ', 'pulmuwone ', '만두성애자 ', '만두스타그램 ', '에어후라이어 ', '에어후라이어만두 ', '맛스타그램 ', '먹스타그램 ', 'foodie ', 'foodphotography ', 'foodporn ', 'foods ', 'foodgasm ', 'foodstagram ', 'foodography ', 'koreanmandoo ', 'mandoo']",2019-02-01T12:02:25.000Z
"['메뉴선정 ', '힘들다그래도 우리서방 매일 맛난거해주려고 노력중🙃', '매생이떡국 ', '비비고만두 ', '최고', '내인생만두 ', '총각김치 ', '동치미', '주말 ', '점심 ', '신랑이 ', '잘먹는다', '오구오구 ', '이쁘라 ', '항상 ', '잘먹어줘서고마워 ', '12월은 ', '배달음식금지']",2018-12-16T04:14:27.000Z
"['오늘점심메뉴.오늘은 점심시간에 잠깐 집에 와서입맛 없어하는 엄마를 위해후다닥 떡만두국을 만들어 봤어요~.어떻게 먹어도 맛있는', '비비고만두 넣고양파 송송 썰어넣어 국물을 달큰~하게후추가루 뿌려 칼칼하게끝!!..', '초보요리  쉽죠잉😄😄']",2019-03-19T12:35:04.000Z
"['홈트 ', '옥상 ', '광합성 ', '즉석떡볶이❤️ ', '돼지런🐷 ', '비비고만두 ', '라면사리추가 ', '인강 ', '먹스타그램 ', '날씨좋다그램 ', '다이어터맞나요🤔 ', '저녁굶자😭 ', '소소한행복💕']",2019-05-06T09:21:44.000Z
[],2019-02-08T01:39:29.000Z
"['오늘의저녁_s ', '이틀연속외식 ', '동래 ', '신가네 ', '떡볶이 ', '김밥 ', '난쿨피스 ', '넌소주 ', '비비고만두 ', '사옹원김말이 ', '에어프라이어 ', '180도 ', '10분']",2019-01-09T13:45:44.000Z
"['떡볶이', '비비고만두', '조미김밥', '분식', '모찌롤', '햇반', '스팸', '삼남매', '메론', '분식스타그램', '요리스타그램', '플레이팅', '홈쿡스타그램', '김밥스타그램', '떡볶이스타그램', '푸드스타그램', '데일리 ', 'food ', 'l4l ', 'likeforlikes ', 'followforfollowback ', 'follow ', '소통', 'lfl ', '먹스타 ', '맛스타 ', '인친 ', '댓글 ', '좋아요 ', 'daily']",2019-06-08T02:53:22.000Z
"['혼밥 ', '집밥 ', '요리 ', '혼밥스타그램 ', '집밥스타그램 ', '요리스타그램 ', '토요일아침 ', '냉면 ', '물냉면 ', '둥지냉면 ', '고명듬뿍 ', '편육 대신 ', '슬라이스햄 ', '쌈무 ', '달걀 ', '닭알 ', '단무지 ', '배 ', '비비고만두어제 밤에 맥주를 마시고 잤더니 눈뜨자마자 속이 허한 느낌이라 해장스톼일 원했는데 라면선반 구석에 둥지냉면이+.+ 👍 좋아하는 고명 잔뜩올리고 와사비 풀어 호로록 흡입했당!!! 사진 찍으면서 느낀건데 예쁜 면기를 하나 사야겠다!!!.\U0001f963']",2019-03-16T01:41:49.000Z
"['비빔국수 ', '비비고만두 빠르게 먹고 ', '기생충 ', '우리일빠 이번달에 어벤저스 보느라 할인이 안돼ㅠ 낼볼껄ㅋ']",2019-05-31T11:26:43.000Z
"['쫄면 ', '비비고만두 ', '미역국 ', '이것이저녁 ', '보고있나백선생 ', '퇴근의즐거움 ', '설거지는랜덤 ', '육출시작']",2019-05-31T05:33:06.000Z
"['오늘의', '야식', '에어플라이어만두', '에어프라이어요리', '냉동상태 그대로200 도 에서 10분 한번 뒤집어 5분 ', '비비고', '비비고만두', '군만두', '겉바속촉']",2018-12-23T12:30:19.000Z
"['비비고만두', '비비고', '먹스타', '맛있다']",2019-03-24T04:27:59.000Z
"['다이렉트결혼준비 통해서 ', '스드메 및 ', ' 결혼준비 합리적인 가격으로 준비하세요~ ', '에어후라이어 ', '연어구이 ', '비비고만두 는 덤으로👍🏻이거 너무 조으네👏🏼👏🏼']",2019-04-01T08:02:43.000Z
"['한섬만두 ', '스마일감자 ', '비비고만두 ', '에어프라이어요리 ', '일상 ', '일상스타그램 ', '냠냠 ', '맛스타그램 ', '먹스타그램 👍🏻']",2019-05-14T14:55:29.000Z
"['너님 ', '새벽1시 ', '야식 ', '비비고만두 ', '코스트코 ', '냉동식품 ', '털어줄게 ', '프랑프랑 ', '큐티폴고아 ', 'you ', '1am ', 'latenightmeal ', 'bibigo ', 'mandoo ', 'dumpling ', 'costco ', 'frozendinner ', 'francfranc ', 'cutipolgoa']",2019-01-18T16:07:59.000Z
"['2월1일 ', '저녁밥상', '떡만두국 ', '비비고만두 ', '탕수육', '에프에돌리기 ', '식초간장만들기', '파김치 ', '진미채고추장볶음']",2019-02-01T12:28:48.000Z
"['내시간아이들 씻기고 저녁먹이고🍱오롯이 내시간을 느끼기위해 어제부터 먹고싶던 군만두를 구웠는데...아들들한테 다 뺏겼다🤣😂먹깨비 아들들.', '육아맘 ', '아들맘 ', '연년생아들맘 ', '전업주부6일차 ', '저녁일상 ', '맥주한잔 ', 'cass는내친구 ', '비비고만두 ', '고기만두4개 ', '김치만두3개 ', '혹시몰라김치만두구웠는데 ', '아주현명했어 ', '김치만두3개는엄마몫 ', '잘먹을게']",2019-01-15T10:46:06.000Z
"['떡볶이', '당면사리', '라면사리', '비비고만두', '노브랜드순대', '김말이튀김', '삶은달걀', '아로니아에이드', '딸기', '키위', '배터져']",2019-01-12T15:40:11.000Z
"['꼬막비빔밥 ', '찹쌀탕슉 ', '비비고만두']",2018-12-18T12:09:56.000Z
"['해장만두국', '비비고만두 가젤맛나ㅎ', '잠실롯데백화점 서공수한 ', '삼진어묵재벌이가한 ', '계란지단', '먹태육수', '맛나다그램 ㅋ먹고초3필통사러고고']",2017-03-01T05:08:22.000Z
"['우리남편 ', '야식 \U0001f95f\U0001f95f\U0001f95f 원래 내가 ', '만두쟁이 인뒈 우리여보가 요즘 ', '만두 에 꽂히심💘나듀 꽂히고 싶댜\U0001f97a대체 남편은 이렇게 잘먹는데 왜 ', '살안쪄 ❓❓진심 부럽다']",2019-01-09T17:07:46.000Z
"['신혼 ', '신혼부부 ', '신혼집 ', '신혼집밥', '신혼집밥상 ', '신혼밥상 ', '신혼은살찐다 ', '제육볶음 ', '된장찌개 ', '비비고만두', '김치부침개 feat.요즘비싼오징어', '아침 ', '점심 ', '저녁 ', '맛집 ', '우리집']",2019-01-19T03:40:30.000Z
"['비비고만두 @soyoung_kim00 오늘 샀다 ㅋㅋㅋ ', '\U0001f95f ', '다이어트폭망길근데 이거 아닌듯 ㅠㅠ 그날의 부추만두 느낌이 아닌데']",2018-12-12T12:43:59.000Z
"['비빔면 ', '비비고만두 ', '외조의왕']",2019-05-13T02:04:14.000Z
"['Repost @bibigo.official・・・.', 'bibigo ', 'cjcheiljedang ', 'parkseojoon ', '박서준 ', '비비고 ', '비비고만두 ', '비비고한섬만두 ', 'パクソジュン ', '\U0001f95f.']",2019-01-08T09:38:41.000Z
"['떡만둣국 ', '백종원 ', '백종원레시피 ', '비비고만두 ', '계란 ', '양파 ', '가래떡 ', '집밥 ', '집밥스타그램', '만두 ', '만둣국 ', '만둣국🍲 ', '떡만둣국🍲 ', '요리스타그램 ', '멸치육수 ', '다시마육수 ', '계란풀어서']",2019-02-09T08:06:51.000Z
"['첫줄..한국하면 역시박서준이랑 후라이드치킨베트남에서도 열일중..', '베트남마트', '박서준', '비비고', '치킨', '후라이드치킨', '롯데마트', '비비고만두', '베트남여행', '하노이']",2019-04-18T15:14:20.000Z
"['유메노 ', '일본식가정요리 ', '오늘저녁 ', '비비고만두 ', '노브랜드칠리새우', '유메노쉐프손을거치면 ', '멋진요리로탄생', '야식같은저녁 ', '울꼬미도사랑하는 ', '메뉴', '튀김의달인 ', '유메노최쉐프 ', '이러니살이안빠져', '다욧은항상내일부터 ', '잘먹고잘살기']",2019-03-29T12:51:20.000Z
"['20190101새해첫날 내나이 ', '38살이렇게 또 ', '나이한살추가 되고40대를 향해 가는구나 😢..', '떡만두국🍜 ', '각종김치 ', '고향만두 ', '비비고만두', '새해에는더행복하자 ', '2019년다이어트성공기원', '로또1등당첨기원 ', '2019년황금돼지해🐷', '모두모두소원성취하세여👉👈 ', '2019년잘부탁해🙏']",2019-01-01T03:44:20.000Z
"['비비고만두 ', '군만두 ', '김자반 ', '주먹밥', '간식인지저녁인지 ', '초등간식']",2019-06-13T06:44:39.000Z
"['야식스타그램 ', '비비고왕교자', '만두스타그램 ', '만두 ', '비비고만두']",2019-01-24T15:05:06.000Z
"['비니큐 ', '오로라술 ', '첨보는술 ', '맛은안봄 ㅋㅋㅋㅋ', '2차는 ', '김치찌게 ', '비비고만두 ', '머릿고기 ', '빠세과자 ', '이것도 ', '첨먹어봄 ', '역시', '소주 ', '소성주막걸리  는~~~ 주임쌤꺼!!.....집으로 돌아오지는 못하고~~~~ 아쉬워!!!쌤집에서~~~~ 2차!!! 내가만든 김치찌게~ㅋㅋㅋ 어느 집이든 가기만 하면!! 안주는 내차지... ㅋㅋㅋ 그래도 집이라 편한 맛에~  실컷 먹고 얘기하고~~~~ 근데!!!! 처음 보는 술!!!! 비니큐!!신기방기~~~~~ ㅋㅋㅋ 첨으로 영상 도저언~~~~~~~~~ 앙~~~이제 졸리당!!!!!연말~~~~과음은 역시!!!! 금물.... ㅋㅋㅋ', '인친해요 ', '인친환영 ', '소통해요 ', '소통환영']",2018-12-28T17:12:23.000Z
"['계란볶음밥야채불질해서 살려서', '짜장소스', '비비고만두', '딸기모찌크기발주실패ㅜ ㅜㅜ']",2019-02-26T10:39:21.000Z
"['금요일', '저녁메뉴', '괄도네넴띤 ', '비빔면', '비비고만두', '오렌지.....', '네넴띤 드뎌 먹어봤어요😁매콤매콤하네용ㅎ 김남편은 어제 ', '떡만둣국 이 더 매콤했다고😅🤣비비고만두 3총사 ', '비비고왕교자 ', '비비고김치만두 ', '비비고한섬만두 마무리는 오렌지로 상콤하게❤️이제 ', '불금 시작! ', '주말 시작! 크캬캬 😍😍.....', '집밥스타그램 ', '쿡스타그램 ', '요리스타그램 ', '푸드스타일링 ', '푸드스타그램 ', '플레이팅 ', '온더테이블 ', '테이블세팅 ', '테이블데코 ', '먹스타그램 ', '아내의식탁 ', '밥상스타그램 ', '만두 ', '비비고 ', '팔도비빔면']",2019-03-22T12:31:38.000Z
"['설선물🎁이 도착했어요......사업하는 엄마다보니,.늘 거래처며 여기저기 준비하는 선물만 잔뜩이었는데😢.올해는..딱 취저 ', '설선물세트 들에 기분이가 째지네요!😆👍너무 예쁜 보자기 풀르기도 아까웠는데, 아이스박스 가득 ', '비비고만두 오오~..', '음식선물은언제나옳아요👍.그나저나 ', '비비고 ', '한섬만두 왜이리 맛난건가요?!!!😍😍.', '비비고한섬만두', 'bibigo ', 'kfood ', '한식의자존심']",2019-01-29T03:06:26.000Z
"['요리놀이 ', '요리스타그램 ', '에어프라이어 ', '에어프라이어요리 ', '비비고', '비비고왕교자만두', '비비고만두 너무나도 맛있게냠냠', '떡꼬치 ', '떡꼬치양념 ', '밀가루떡의  만남ㅋㅋ맛있당', '휴일의끝 ', '휴일의행복']",2019-06-16T08:44:47.000Z
"['간식 ', '간식스타그램 ', '비비고 ', '비비고만두 ', '왕교자 ', '에어프라이기 ', '음식스타그램 ', '먹스타 ', '먹스타그램 ', '선팔하면맞팔 ', '맞팔해여 ', '첫줄 ', '첫줄반사 ', '소통 ', '소통해요 ', '일상스타그램']",2019-01-22T14:30:57.000Z
"['먹스타그램 ', '맛스타그램 ', '부산 ', '부산대맛집 ', '장전동 ', '부산대', '심야라멘 ', '돈코츠라멘 ', '카라이라멘 ', '차슈추가 ', '교자만두 사실은 ', '비비고만두 ', '기린이치방 ', '120cc']",2018-12-28T16:09:49.000Z
"['집밥스타그램', '먹스타그램', '비빔국수', '새우군만두', '비비고만두', '야식스타그램 ', '집밥스타그램', '면스타그램', '맛스타그램']",2018-12-17T15:28:07.000Z
"['비비고만두 ', '3종세트 ', '비비고왕교자 ', '비비고새우왕교자 ', '비비고매운왕교자 ', '김치라면🍲 ', '런닝맨보면서 ', '후루룩 ', '냠냠욤욤']",2019-02-04T11:00:54.000Z
