count,tag
9,만두
6,오늘
4,비비고
4,소통
3,사진
2,저녁
2,쫄면
2,전
2,스카이
2,캐슬
2,혼자
2,자주
2,피드
2,하루
2,날씨
2,사랑
1,점심
1,리기
1,실습
1,주간
1,삼양
1,튀김
1,하나
1,수
1,의
1,보충
1,위해
1,치
1,그냥
1,오지
1,못
1,김이랑
1,칩
1,집
1,이제
1,새해
1,복
1,고결
1,유
1,중학생
1,때
1,그것
1,파김치
1,먹기
1,미나
1,리전
1,투게더
1,뚜껑
1,범인
1,혀누
1,이모
1,한참
1,사
1,아침
1,파티
1,부모님
1,택배
1,잔뜩
1,물만두
1,꿀맛
1,보고
1,맥주
1,남편
1,괜
1,걱정
1,우린
1,돈
1,해
1,태국
1,기전
1,한인
1,마트
1,검색
1,리
1,치즈떡볶이
1,김말이
1,매콤
1,달콤새콤
1,분식
1,데이
1,역할
1,낮
1,밥
1,방가
1,용
1,맞팔
1,응원
1,인
1,쉿
1,감기
1,진짜
1,멋
1,여름
1,무지
1,꽃처럼
1,제
1,느낌
1,댓글
1,달
1,가요
1,팔로우
1,짱구
1,아빠
1,중고차
1,최정진
1,페이
1,고객
1,후
1,가족
1,패밀리
