단어,c
우리,324
맘,315
엄마,238
나,224
남편,170
주부,157
아들,154
부부,139
새댁,135
신랑,122
언니,113
신혼부부,101
오빠,100
친구,98
혼자,89
아이,84
여자,81
아빠,79
딸,76
너,65
줌마,64
남,60
남매,57
아기,57
요리사,53
남자,52
사람,50
저희,46
직장인,44
워킹맘,34
여보,31
임산부,30
동생,27
넌,22
장인,21
딸맘,19
애기,18
아내,18
베이비,18
아가,17
와이프,17
쌍둥이,17
아줌마,16
광주,27
완성,26
산,26
템,26
대충,26
김치볶음밥,26
가격,26
가루,26
움,26
자꾸,26
스팸,26
이집,26
뚜껑,26
해장,26
겨울,26
한해,26
정보,26
박스,26
퇴후,26
방학,26
곧,26
욧,26
예비,26
소맥,25
올드보이,25
달달,25
향,25
다가,25
혹시,25
얼마,25
회,25
방법,25
물만두,25
동그랑땡,25
치킨너겟,25
메밀,25
넴띤,25
투어,25
욥,25
후추,24
떡갈비,24
일주일,24
종류,24
곳,24
사서,24
일찍,24
벌써,24
클리어,24
확인,24
왕맥,24
라멘,24
성공,24
니,24
계란말이,24
옆,24
수요일,24
척,24
진심,24
마케팅,24
기,24
요거트,24
신라면,24
두부,24
옹,24
병,23
걱정,23
얼굴,23
동안,23
송송,23
겸,23
유튜브,23
팬,23
서울,23
거리,23
칼로리,23
볼,23
목요일,23
티비,23
순간,23
내용,23
맵,23
너구리,23
주방,23
공감,23
백종원,23
유지,23
분위기,23
전자레인지,23
진라면,23
참이슬,23
반숙,23
낮술,23
일만,23
김치찌개,23
인정,23
제일제당,23
존잘,23
일산,23
깻잎,22
흡입,22
인생,22
자고,22
실패,22
제대로,22
홍보,22
육즙,22
외식,22
앗,22
시식,22
촉촉,22
맨,22
브런치,22
소바,22
먼저,22
가슴,22
머,22
울산,22
영,22
셀피,22
셀카,22
닭꼬치,22
야심작,22
달말,22
렌탈,22
초밥,22
보이,22
제주도,22
반영구,22
자랑,21
사,21
귀신,21
묵,21
당근,21
식초,21
종,21
의,21
도전,21
절대,21
첫날,21
뒤,21
수박,21
크리스마스,21
머리,21
달라,21
사과,21
오븐,21
이야기,21
수익,21
롯데,21
중독,21
굿굿,21
뎅,21
댁,21
맛저,21
힐링,21
부추,21
거의,20
평일,20
세,20
청양고추,20
나이,20
나름,20
해결,20
육개장,20
단식,20
회사,20
쭈꾸미,20
한우,20
풀,20
만두전골,20
올해,20
리뷰,20
폭,20
막,20
재미,20
덕분,20
김치전,20
찜,20
임신,20
연어,20
킬러,20
미역국,20
현지,20
풀무원,20
라인,20
셀,20
취미,20
관문,20
잉,20
닷,20
샷,20
어머,20
요나,20
감사,19
고춧가루,19
낮잠,19
야근,19
버,19
잠,19
참기름,19
상추,19
식욕,19
영상,19
줌,19
와중,19
일차,19
쫄,19
그릴,19
취향,19
엄지,19
몸,19
현실,19
여유,19
매료,19
바스,19
와사비,19
낮,19
디,19
집술,19
라이프,19
오렌지,19
가정식,19
마,18
이상,18
낙지,18
냉,18
라이트,18
생일,18
파프리카,18
욜,18
화요일,18
팩,18
스페인,18
실화,18
판,18
넹,18
가래떡,18
집들이,18
행사,18
스트레스,18
라이어,18
젠,18
수교,18
모짜렐라,18
스,18
과,18
이건,18
교육,18
황금돼지,18
당장,18
강,18
시장,18
고향,18
급식,18
망고,18
샌드위치,18
하우스,18
소식,18
톡,18
다이어리,18
일식,18
꺄,18
구경오,18
고,17
치즈스틱,17
영화,17
소금,17
꼬마,17
명,17
꾹,17
이유,17
거기,17
포기,17
무엇,17
후라이팬,17
쟁,17
물냉면,17
부대찌개,17
카드,17
담,17
삼겹,17
얼마나,17
오시,17
도착,17
버터,17
피크닉,17
푹,17
계정,17
설날,17
옴,17
스텔라,17
가장,17
겉,17
황금,17
생활,17
핵,17
멘토,17
씨제이,17
꼬치,17
블,17
햄,17
디저트,17
무료,17
칭찬,17
목,17
이용,17
점심밥,17
냥,17
농심,17
나무,17
연년생,17
돌이,17
고급,17
축하,17
페이지,17
덜,16
해물,16
가끔,16
개시,16
센스,16
참고,16
점점,16
네,16
설거지,16
오이소박이,16
밑,16
바람,16
미세먼지,16
채소,16
고추장,16
하숙,16
수업,16
돼지고기,16
오픈,16
월일,16
과자,16
매번,16
잔치국수,16
뭔가,16
비교,16
컵라면,16
재,16
빠,16
자기,16
늦잠,16
볶이,16
정성,16
키,16
건가,16
옷,16
안성탕면,16
대파,16
파인애플,16
중이,16
금손,16
명란,16
달래,16
꿈,16
육회,16
필,16
마이,16
갈래,16
쌀,16
쉐프,16
피곤,16
냉털,16
크림,16
푸드파이터,16
키즈,16
죽,16
램,16
태그,16
젓가락,16
아침식사,15
일단,15
미소,15
캐슬,15
다행,15
부탁,15
동치미,15
포항,15
곰탕,15
장난,15
득템,15
게시,15
나물,15
칭따오,15
회식,15
부분,15
습,15
